file-timestamp,2023-07-08T19:28:11
station-id,33066
station-name,Granta at Linton
data-type-id,spi
data-type-name,Standardised Precipitation Index
reference-period,1961-2010
distribution,Gamma
month,spi-1,spi-3,spi-6,spi-9,spi-12,spi-18,spi-24
1891-01,-0.427,NA,NA,NA,NA,NA,NA
1891-02,-4.452,NA,NA,NA,NA,NA,NA
1891-03,0.097,-1.416,NA,NA,NA,NA,NA
1891-04,-0.456,-1.64,NA,NA,NA,NA,NA
1891-05,1.118,0.4,NA,NA,NA,NA,NA
1891-06,-0.165,0.2,-0.937,NA,NA,NA,NA
1891-07,1.985,1.578,0.532,NA,NA,NA,NA
1891-08,1.444,1.661,1.618,NA,NA,NA,NA
1891-09,-0.576,1.539,1.306,0.582,NA,NA,NA
1891-10,1.52,1.257,1.845,1.284,NA,NA,NA
1891-11,-0.103,0.584,1.453,1.427,NA,NA,NA
1891-12,1.086,1.483,1.903,1.76,1.296,NA,NA
1892-01,-1.392,-0.11,0.966,1.55,1.019,NA,NA
1892-02,0.679,0.325,0.572,1.4,1.379,NA,NA
1892-03,-0.973,-0.988,0.638,1.296,1.19,NA,NA
1892-04,-0.234,-0.461,-0.39,0.676,1.213,NA,NA
1892-05,-0.432,-1.001,-0.528,0.016,0.821,NA,NA
1892-06,1.103,0.32,-0.539,0.655,1.23,0.761,NA
1892-07,1.302,1.15,0.678,0.36,1.008,1.039,NA
1892-08,0.619,1.459,0.631,0.678,0.771,1.359,NA
1892-09,0.739,1.293,1.165,0.604,1.235,1.509,NA
1892-10,1.395,1.282,1.631,1.388,1.174,1.815,NA
1892-11,-0.504,0.927,1.564,1.001,1.087,1.572,NA
1892-12,-0.58,0.472,1.105,1.075,0.686,1.645,1.21
1893-01,-0.174,-0.91,0.63,1.044,0.811,1.131,1.122
1893-02,1.294,0.191,0.789,1.445,0.932,1.019,1.422
1893-03,-2.091,-0.189,0.185,0.829,0.809,0.985,1.236
1893-04,-2.495,-1.191,-1.39,0.142,0.575,0.29,1.131
1893-05,-0.725,-2.65,-1.501,-0.256,0.509,0.177,0.874
1893-06,-0.606,-2.329,-2.018,-0.841,0.036,-0.227,0.877
1893-07,1.858,0.359,-0.495,-0.989,0.22,0.427,0.825
1893-08,0.764,1.009,-0.541,-0.453,0.266,0.478,0.682
1893-09,-0.963,0.881,-0.508,-0.66,-0.262,0.403,0.655
1893-10,0.859,0.359,0.415,-0.091,-0.571,0.627,0.409
1893-11,0.409,0.177,0.715,-0.301,-0.292,0.789,0.499
1893-12,-0.801,0.348,0.747,-0.2,-0.34,0.446,0.2
1894-01,-0.251,-0.433,0.001,0.105,-0.315,0.124,0.309
1894-02,-0.066,-0.732,-0.334,0.274,-0.642,-0.028,0.197
1894-03,-0.867,-0.839,-0.219,0.298,-0.497,-0.338,0.2
1894-04,-0.142,-0.889,-0.864,-0.357,-0.202,-0.916,0.218
1894-05,0.404,-0.362,-0.927,-0.544,0.047,-0.68,0.343
1894-06,0.138,0.0,-0.74,-0.255,0.219,-0.584,0.128
1894-07,1.177,0.778,0.08,-0.277,-0.005,-0.24,0.102
1894-08,0.434,0.733,0.289,-0.279,-0.144,-0.399,0.052
1894-09,0.017,0.672,0.461,-0.053,0.094,-0.202,-0.128
1894-10,0.117,0.1,0.45,0.046,-0.228,0.062,-0.516
1894-11,1.348,0.594,0.84,0.538,0.145,0.498,-0.118
1894-12,-0.403,0.569,0.749,0.614,0.247,0.593,-0.085
1895-01,0.346,0.745,0.455,0.706,0.359,0.221,0.011
1895-02,-2.297,-0.835,-0.012,0.354,0.109,-0.159,-0.354
1895-03,0.049,-0.704,0.015,0.343,0.252,0.051,-0.174
1895-04,-0.566,-1.553,-0.2,-0.125,0.181,-0.307,-0.046
1895-05,-0.722,-0.84,-1.364,-0.468,-0.046,-0.527,-0.043
1895-06,-0.872,-1.716,-2.081,-0.8,-0.287,-0.603,-0.097
1895-07,1.769,0.172,-0.875,-0.15,-0.084,-0.079,-0.112
1895-08,1.646,1.451,0.705,0.07,0.368,0.39,0.124
1895-09,-1.217,1.368,0.216,-0.233,0.094,0.271,0.104
1895-10,0.207,0.452,0.39,-0.23,0.13,0.313,-0.077
1895-11,0.764,-0.132,0.821,0.336,-0.111,0.414,-0.007
1895-12,-0.301,0.255,1.029,0.255,-0.079,0.377,0.074
1896-01,-1.26,-0.332,0.133,0.129,-0.388,-0.04,-0.033
1896-02,-1.31,-1.473,-0.971,0.11,-0.297,-0.288,-0.145
1896-03,1.412,-0.333,-0.048,0.713,0.057,0.017,0.166
1896-04,-0.942,-0.231,-0.43,-0.011,0.009,-0.141,0.089
1896-05,-2.199,-0.497,-1.55,-1.167,-0.14,-0.805,-0.171
1896-06,0.394,-1.402,-1.515,-0.74,0.15,-0.672,-0.147
1896-07,-0.857,-1.262,-1.279,-1.184,-0.518,-0.834,-0.468
1896-08,-0.003,-0.304,-0.718,-1.663,-1.278,-0.616,-0.604
1896-09,1.706,0.893,-0.097,-0.35,-0.172,-0.042,-0.07
1896-10,0.627,1.188,0.417,0.251,0.009,0.199,0.069
1896-11,-1.372,0.858,0.445,0.115,-0.592,0.1,-0.464
1896-12,0.75,0.069,0.585,-0.078,-0.278,0.434,-0.255
1897-01,0.113,-0.344,0.791,0.147,0.019,0.049,-0.253
1897-02,0.861,0.746,1.03,0.703,0.385,-0.276,0.033
1897-03,0.981,0.93,0.509,0.83,0.253,0.144,0.167
1897-04,-0.06,0.885,0.232,0.989,0.399,0.106,0.233
1897-05,-0.446,0.106,0.545,0.894,0.577,-0.176,0.269
1897-06,0.354,-0.302,0.432,0.245,0.592,-0.053,0.479
1897-07,-1.905,-1.05,-0.239,-0.457,0.461,-0.111,-0.069
1897-08,0.764,-0.11,-0.119,0.309,0.708,0.211,-0.346
1897-09,0.764,0.208,-0.101,0.394,0.266,0.118,0.045
1897-10,-0.996,0.247,-0.415,-0.032,-0.259,0.044,-0.173
1897-11,-1.304,-0.66,-0.65,-0.573,-0.248,0.074,-0.552
1897-12,-0.5,-1.868,-0.987,-1.055,-0.621,-0.085,-0.592
1898-01,-1.15,-1.834,-0.775,-1.246,-0.809,-0.105,-0.507
1898-02,-0.963,-1.431,-1.416,-1.291,-1.158,-0.223,-0.47
1898-03,-0.131,-1.436,-2.143,-1.421,-1.425,-0.853,-0.714
1898-04,-0.25,-1.024,-1.963,-1.111,-1.438,-1.165,-0.637
1898-05,0.864,0.199,-0.92,-1.143,-0.996,-0.643,-0.275
1898-06,0.377,0.459,-0.69,-1.512,-1.052,-0.777,-0.32
1898-07,-0.552,0.32,-0.439,-1.452,-0.828,-0.837,-0.271
1898-08,-0.14,-0.279,-0.183,-1.116,-1.244,-1.037,-0.326
1898-09,-2.214,-1.594,-0.835,-1.64,-2.228,-1.617,-1.187
1898-10,0.227,-0.808,-0.505,-0.954,-1.783,-1.424,-1.253
1898-11,-0.241,-0.885,-0.926,-0.752,-1.507,-1.427,-1.098
1898-12,0.299,-0.042,-1.008,-0.668,-1.308,-1.537,-1.228
1899-01,-1.065,-0.644,-1.064,-0.802,-1.145,-1.344,-1.247
1899-02,-1.135,-0.896,-1.303,-1.308,-1.125,-1.758,-1.462
1899-03,-1.999,-2.487,-1.21,-1.78,-1.363,-2.313,-1.792
1899-04,-0.492,-2.332,-1.719,-1.797,-1.385,-2.309,-1.864
1899-05,0.036,-1.151,-1.636,-1.778,-1.569,-1.93,-1.799
1899-06,-0.617,-0.976,-2.79,-1.612,-1.989,-2.093,-2.196
1899-07,-1.499,-1.37,-2.804,-2.411,-2.138,-1.989,-2.09
1899-08,-2.053,-2.351,-2.825,-3.181,-2.801,-2.183,-2.755
1899-09,-0.721,-2.596,-2.577,-3.892,-2.737,-2.37,-3.264
1899-10,-0.727,-1.795,-2.295,-3.206,-3.169,-2.329,-3.077
1899-11,-0.811,-1.358,-2.599,-2.891,-3.403,-2.812,-3.027
1899-12,-1.736,-2.026,-3.025,-3.08,-4.205,-3.449,-3.313
1900-01,1.011,-0.759,-1.809,-2.316,-3.008,-2.844,-2.553
1900-02,1.86,0.815,-0.479,-1.582,-1.995,-2.388,-1.971
1900-03,-1.388,1.137,-0.545,-1.615,-1.874,-2.26,-2.07
1900-04,-0.853,0.122,-0.524,-1.504,-1.908,-2.674,-2.162
1900-05,-0.574,-1.605,-0.419,-1.209,-1.959,-2.639,-2.466
1900-06,0.473,-0.656,0.364,-0.868,-1.715,-2.715,-2.688
1900-07,-0.685,-0.536,-0.448,-0.865,-1.542,-2.453,-2.625
1900-08,0.241,-0.038,-1.172,-0.498,-1.166,-2.184,-2.696
1900-09,-1.734,-1.234,-1.439,-0.593,-1.464,-2.286,-2.736
1900-10,0.104,-0.601,-0.88,-0.815,-1.175,-1.996,-2.658
1900-11,-0.328,-0.936,-0.791,-1.488,-1.05,-2.126,-2.705
1900-12,0.307,-0.17,-0.912,-1.162,-0.603,-2.03,-2.793
1901-01,-2.056,-1.012,-1.118,-1.305,-1.192,-1.956,-2.586
1901-02,-0.937,-1.176,-1.506,-1.314,-1.916,-1.808,-2.483
1901-03,0.539,-1.288,-0.828,-1.303,-1.47,-1.548,-2.14
1901-04,0.609,0.116,-0.699,-0.952,-1.094,-1.306,-1.965
1901-05,-0.76,0.086,-0.862,-1.282,-1.066,-1.224,-2.103
1901-06,-0.102,-0.377,-1.41,-0.975,-1.331,-1.044,-2.217
1901-07,-0.43,-0.979,-0.798,-1.276,-1.255,-1.281,-2.012
1901-08,-0.486,-0.744,-0.63,-1.413,-1.615,-1.845,-1.939
1901-09,-0.653,-1.17,-1.196,-1.923,-1.532,-1.836,-1.981
1901-10,0.214,-0.575,-1.111,-1.023,-1.486,-1.504,-1.681
1901-11,-0.987,-0.799,-1.176,-1.022,-1.683,-1.628,-1.73
1901-12,0.564,-0.238,-0.926,-1.039,-1.64,-1.722,-1.414
1902-01,-2.242,-1.257,-1.233,-1.622,-1.477,-1.791,-1.695
1902-02,-0.451,-0.825,-1.194,-1.494,-1.343,-1.985,-2.067
1902-03,-0.765,-2.09,-1.226,-1.587,-1.599,-1.817,-1.969
1902-04,-0.787,-1.531,-1.836,-1.703,-1.922,-2.127,-1.974
1902-05,1.009,-0.146,-0.822,-1.167,-1.314,-1.671,-1.679
1902-06,0.384,0.36,-1.173,-0.886,-1.233,-1.738,-1.878
1902-07,-1.0,0.264,-0.772,-1.4,-1.323,-1.488,-1.86
1902-08,0.632,0.052,-0.168,-0.77,-1.078,-1.17,-1.877
1902-09,-0.994,-0.771,-0.388,-1.47,-1.256,-1.519,-1.843
1902-10,-0.591,-0.544,-0.351,-0.983,-1.562,-1.682,-1.925
1902-11,-0.797,-1.403,-1.024,-1.025,-1.526,-1.749,-2.034
1902-12,-1.004,-1.603,-1.575,-1.172,-2.062,-2.017,-2.34
1903-01,0.147,-1.094,-1.117,-0.876,-1.372,-1.779,-1.809
1903-02,-1.167,-1.034,-1.779,-1.46,-1.432,-1.88,-1.77
1903-03,0.712,-0.133,-1.187,-1.35,-1.061,-1.592,-1.705
1903-04,-0.122,-0.37,-1.055,-1.16,-0.907,-1.795,-1.845
1903-05,0.792,0.599,-0.325,-1.162,-0.928,-1.301,-1.582
1903-06,1.662,1.568,1.243,-0.081,-0.424,-0.899,-1.218
1903-07,2.368,2.75,2.332,1.161,0.478,0.082,-0.57
1903-08,0.852,2.483,2.504,1.797,0.571,0.337,-0.328
1903-09,0.223,1.746,2.292,2.136,0.918,0.467,-0.158
1903-10,1.614,1.298,2.565,2.384,1.775,1.011,0.299
1903-11,0.084,1.03,2.338,2.329,1.983,0.852,0.456
1903-12,-0.667,0.927,1.694,2.168,2.127,0.739,0.285
1904-01,-0.264,-0.616,0.773,2.052,1.825,0.796,0.439
1904-02,1.109,-0.006,0.778,2.1,2.106,0.863,0.617
1904-03,-0.162,0.257,0.746,1.495,1.896,1.056,0.66
1904-04,-0.948,-0.087,-0.552,0.619,1.763,1.151,0.658
1904-05,-0.158,-0.81,-0.685,0.284,1.492,1.21,0.473
1904-06,-0.875,-1.53,-1.065,-0.022,0.866,1.252,0.297
1904-07,1.013,-0.167,-0.292,-0.663,0.423,1.332,0.582
1904-08,-0.221,-0.175,-0.819,-0.833,0.106,1.376,0.434
1904-09,-0.457,-0.049,-1.019,-0.853,-0.107,1.157,0.529
1904-10,-0.667,-0.865,-0.858,-0.894,-1.176,0.961,0.499
1904-11,-0.923,-1.236,-1.089,-1.419,-1.487,0.688,0.476
1904-12,-0.121,-1.237,-0.847,-1.485,-1.382,0.233,0.623
1905-01,-0.86,-1.239,-1.459,-1.393,-1.356,-0.479,0.447
1905-02,-0.347,-0.796,-1.507,-1.404,-1.689,-0.77,0.492
1905-03,0.572,-0.486,-1.176,-0.934,-1.456,-0.718,0.46
1905-04,0.164,0.052,-0.888,-1.259,-1.191,-1.407,0.507
1905-05,-0.672,-0.124,-0.783,-1.408,-1.233,-1.509,0.3
1905-06,1.035,0.349,-0.163,-0.853,-0.702,-1.113,0.117
1905-07,-0.674,-0.042,-0.09,-0.866,-1.118,-1.1,-0.484
1905-08,0.32,0.428,0.171,-0.428,-1.055,-1.244,-0.659
1905-09,0.141,-0.233,-0.017,-0.353,-0.942,-1.204,-0.694
1905-10,-0.497,-0.188,-0.262,-0.283,-0.894,-1.096,-1.311
1905-11,-0.073,-0.399,-0.094,-0.207,-0.668,-1.107,-1.364
1905-12,-1.598,-1.301,-1.016,-0.735,-1.006,-1.242,-1.52
1906-01,1.25,-0.125,-0.281,-0.337,-0.337,-1.107,-1.066
1906-02,0.517,0.211,-0.263,-0.035,-0.152,-0.996,-1.138
1906-03,0.156,0.981,-0.284,-0.376,-0.243,-0.863,-1.073
1906-04,-0.801,-0.288,-0.308,-0.402,-0.415,-0.879,-1.063
1906-05,-0.509,-0.774,-0.482,-0.67,-0.358,-0.756,-1.119
1906-06,1.294,0.252,0.906,-0.178,-0.271,-0.356,-0.742
1906-07,-1.419,0.029,-0.257,-0.332,-0.377,-0.397,-1.087
1906-08,-1.381,-0.33,-0.932,-0.772,-0.847,-0.592,-1.34
1906-09,-0.882,-2.363,-1.433,-0.703,-1.243,-0.909,-1.448
1906-10,0.854,-0.484,-0.452,-0.607,-0.669,-0.617,-0.995
1906-11,1.243,0.636,0.238,-0.191,-0.172,-0.204,-0.55
1906-12,0.099,1.191,-0.333,-0.219,0.188,-0.478,-0.519
1907-01,-0.886,0.388,-0.19,-0.223,-0.351,-0.469,-0.456
1907-02,-0.177,-0.589,0.142,-0.113,-0.483,-0.585,-0.426
1907-03,-0.796,-1.268,0.287,-0.795,-0.645,-0.729,-0.588
1907-04,0.905,-0.048,0.211,-0.23,-0.239,-0.422,-0.458
1907-05,0.872,0.583,-0.06,0.346,0.106,-0.183,-0.212
1907-06,0.23,0.988,-0.047,0.701,-0.289,0.092,-0.452
1907-07,0.079,0.508,0.323,0.412,-0.026,-0.165,-0.33
1907-08,-0.241,-0.154,0.214,-0.269,0.174,-0.316,-0.476
1907-09,-1.384,-1.059,-0.094,-0.813,0.093,-0.611,-0.74
1907-10,0.323,-0.63,-0.258,-0.322,-0.146,-0.374,-0.524
1907-11,0.279,-0.377,-0.472,-0.163,-0.53,-0.239,-0.466
1907-12,0.947,0.657,-0.198,0.278,-0.253,-0.413,-0.07
1908-01,-1.18,0.092,-0.479,-0.222,-0.267,-0.353,-0.412
1908-02,-0.227,-0.129,-0.454,-0.534,-0.265,-0.169,-0.499
1908-03,0.481,-0.641,0.113,-0.455,-0.022,0.105,-0.444
1908-04,0.959,0.644,0.382,-0.192,0.002,0.069,-0.187
1908-05,-0.415,0.417,0.117,-0.242,-0.302,-0.357,-0.174
1908-06,-0.323,-0.087,-0.676,-0.009,-0.478,-0.492,-0.599
1908-07,1.193,0.108,0.449,0.314,-0.168,-0.047,-0.185
1908-08,0.106,0.34,0.479,0.254,-0.108,-0.013,0.012
1908-09,-0.215,0.368,0.16,-0.258,0.13,0.02,0.126
1908-10,-0.6,-0.537,-0.443,-0.175,-0.173,-0.286,-0.218
1908-11,-1.49,-1.279,-0.729,-0.467,-0.621,-0.729,-0.749
1908-12,-0.332,-1.594,-0.725,-0.724,-1.06,-0.884,-0.841
1909-01,-1.371,-1.916,-1.545,-1.305,-0.969,-1.038,-0.79
1909-02,-1.981,-1.735,-2.099,-1.486,-1.159,-1.223,-0.908
1909-03,1.182,-0.761,-1.57,-0.945,-0.921,-0.717,-0.61
1909-04,0.066,-0.055,-1.385,-1.378,-1.159,-0.841,-0.756
1909-05,-0.174,0.416,-0.897,-1.516,-1.04,-0.918,-0.953
1909-06,1.337,0.816,0.095,-0.859,-0.493,-0.766,-0.745
1909-07,1.106,1.328,1.078,-0.244,-0.511,-0.277,-0.524
1909-08,-0.072,1.2,1.213,0.166,-0.63,-0.271,-0.536
1909-09,0.281,0.513,0.853,0.382,-0.51,-0.308,-0.261
1909-10,1.116,0.614,1.179,1.068,0.185,-0.143,-0.008
1909-11,-1.958,0.106,0.798,0.843,0.12,-0.36,-0.333
1909-12,1.032,0.517,0.613,0.869,0.543,-0.063,-0.313
1910-01,-0.46,-0.615,0.134,0.728,0.629,-0.375,-0.191
1910-02,0.811,0.66,0.391,0.966,0.988,-0.266,-0.051
1910-03,-1.011,-0.434,0.101,0.316,0.555,-0.334,-0.219
1910-04,0.608,0.227,-0.361,0.16,0.674,-0.063,-0.28
1910-05,0.664,0.199,0.542,0.365,0.831,0.332,-0.108
1910-06,-0.059,0.477,-0.006,0.268,0.42,0.377,-0.087
1910-07,0.609,0.473,0.471,-0.089,0.283,0.651,-0.196
1910-08,-0.086,0.03,0.065,0.404,0.28,0.786,-0.258
1910-09,-0.647,-0.322,0.008,-0.301,0.016,0.422,-0.338
1910-10,0.364,-0.293,-0.035,0.005,-0.349,0.46,-0.116
1910-11,0.463,-0.028,-0.088,-0.043,0.212,0.594,0.179
1910-12,1.672,1.213,0.608,0.702,0.485,0.669,0.609
1911-01,-0.327,1.007,0.338,0.453,0.463,0.375,0.66
1911-02,-0.634,0.6,0.253,0.173,0.177,0.324,0.712
1911-03,0.257,-0.55,0.594,0.271,0.375,0.327,0.558
1911-04,-0.73,-0.888,0.303,-0.044,0.111,-0.129,0.48
1911-05,-0.743,-0.801,-0.168,-0.206,-0.189,0.052,0.421
1911-06,0.77,-0.386,-0.872,0.286,0.055,0.004,0.288
1911-07,-2.233,-0.87,-1.438,-0.299,-0.416,-0.189,-0.132
1911-08,-1.004,-0.914,-1.448,-0.89,-0.692,-0.531,-0.298
1911-09,-0.327,-2.014,-1.758,-2.025,-0.666,-0.496,-0.437
1911-10,0.294,-0.571,-1.047,-1.423,-0.697,-0.505,-0.671
1911-11,0.669,0.162,-0.493,-0.879,-0.622,-0.501,-0.274
1911-12,1.557,1.209,-0.186,-0.396,-0.689,-0.115,-0.138
1912-01,1.472,1.866,0.739,0.238,-0.098,0.09,0.209
1912-02,-0.102,1.546,0.994,0.401,-0.007,0.097,0.076
1912-03,0.997,1.313,1.498,0.406,0.169,0.438,0.314
1912-04,-2.7,-0.584,1.164,0.426,0.001,0.119,0.038
1912-05,-0.297,-0.561,0.806,0.583,0.086,-0.056,-0.113
1912-06,0.745,-0.69,0.505,1.013,0.075,-0.318,0.039
1912-07,0.537,0.461,-0.049,1.213,0.502,-0.127,0.029
1912-08,2.848,2.429,1.829,2.564,1.856,0.903,0.887
1912-09,0.146,2.234,1.489,2.079,2.119,0.876,1.06
1912-10,0.056,1.597,1.565,1.282,2.055,0.905,0.952
1912-11,-0.123,-0.136,1.563,1.149,1.857,1.007,0.841
1912-12,0.401,-0.044,1.508,1.056,1.579,0.984,0.603
1913-01,0.668,0.316,1.482,1.471,1.195,1.271,0.691
1913-02,-0.883,0.144,-0.106,1.425,1.05,1.366,0.643
1913-03,0.388,0.097,-0.039,1.279,0.884,1.545,0.645
1913-04,0.306,-0.208,0.071,1.237,1.207,1.661,0.776
1913-05,0.324,0.352,0.262,0.013,1.272,1.502,0.92
1913-06,-0.139,0.006,-0.025,-0.096,1.106,1.169,0.809
1913-07,-0.819,-0.545,-0.693,-0.339,0.844,0.672,0.898
1913-08,-0.453,-0.924,-0.542,-0.487,-0.487,0.577,1.009
1913-09,-0.019,-0.904,-0.736,-0.7,-0.594,0.37,1.101
1913-10,0.716,0.06,-0.332,-0.46,-0.305,0.739,1.164
1913-11,-0.127,0.189,-0.475,-0.293,-0.308,0.779,1.013
1913-12,-1.592,-0.334,-0.84,-0.773,-0.78,0.454,0.553
1914-01,-0.434,-1.244,-0.675,-0.925,-0.977,0.274,0.196
1914-02,0.031,-1.122,-0.515,-0.999,-0.782,-0.718,0.199
1914-03,1.66,0.727,0.128,-0.374,-0.385,-0.377,0.316
1914-04,-1.07,0.504,-0.594,-0.415,-0.632,-0.569,0.405
1914-05,-0.651,0.106,-0.81,-0.463,-0.81,-0.64,0.37
1914-06,0.127,-1.126,-0.345,-0.463,-0.785,-0.753,0.253
1914-07,0.048,-0.473,-0.115,-0.888,-0.594,-0.828,0.171
1914-08,-0.522,-0.38,-0.334,-1.098,-0.683,-0.822,-0.837
1914-09,-0.889,-1.045,-1.614,-1.036,-1.0,-1.11,-1.06
1914-10,0.224,-0.675,-0.902,-0.648,-1.242,-1.029,-0.97
1914-11,0.34,-0.266,-0.532,-0.473,-1.085,-1.041,-0.889
1914-12,2.763,1.809,0.719,0.145,0.414,-0.218,-0.238
1915-01,1.121,2.336,1.013,0.651,0.745,0.144,-0.116
1915-02,0.938,2.524,1.403,1.015,0.906,0.393,0.1
1915-03,-0.222,0.956,1.75,0.949,0.443,0.399,0.02
1915-04,-0.991,-0.283,1.693,0.775,0.454,0.079,-0.127
1915-05,0.26,-0.574,1.698,0.967,0.609,0.152,-0.135
1915-06,-0.195,-0.748,0.131,1.236,0.56,0.334,-0.174
1915-07,1.56,0.774,0.423,1.865,0.929,0.723,0.235
1915-08,0.785,0.998,0.409,2.135,1.323,0.875,0.483
1915-09,-0.419,0.904,0.238,0.713,1.517,0.439,0.427
1915-10,-0.885,-0.342,0.118,-0.06,1.234,0.37,0.079
1915-11,0.262,-0.692,0.13,-0.209,1.222,0.527,0.144
1915-12,1.376,0.288,0.726,0.29,0.665,0.857,0.642
1916-01,-0.756,0.524,-0.003,0.316,0.162,0.704,0.549
1916-02,2.073,1.491,0.403,0.852,0.5,1.215,0.854
1916-03,1.84,1.917,1.244,1.39,0.973,1.769,0.87
1916-04,-0.1,2.297,1.708,0.962,1.095,1.852,0.976
1916-05,0.12,0.909,1.696,0.741,1.02,1.722,1.081
1916-06,0.03,-0.251,1.374,0.947,1.124,1.043,1.151
1916-07,-0.161,-0.245,1.48,1.335,0.698,0.728,1.093
1916-08,0.621,0.136,0.696,1.546,0.679,0.688,1.347
1916-09,-0.496,-0.184,-0.381,0.831,0.707,0.599,1.446
1916-10,0.127,-0.016,-0.235,0.867,0.983,0.695,1.37
1916-11,0.72,0.028,0.023,0.429,1.136,0.817,1.445
1916-12,0.605,0.6,0.24,0.045,0.933,1.045,0.966
1917-01,-0.299,0.487,0.213,0.007,0.916,0.636,0.66
1917-02,-1.084,-0.307,-0.235,-0.184,0.203,0.352,0.412
1917-03,0.321,-0.665,0.057,-0.088,-0.231,0.523,0.466
1917-04,0.024,-0.545,0.034,-0.048,-0.193,0.771,0.582
1917-05,-0.345,-0.194,-0.486,-0.376,-0.274,0.619,0.506
1917-06,0.248,-0.29,-0.875,-0.156,-0.233,0.355,0.62
1917-07,1.927,1.007,0.492,0.596,0.352,0.884,0.69
1917-08,1.198,1.646,1.247,0.882,0.57,0.742,0.823
1917-09,0.026,1.586,1.085,0.662,0.752,0.345,0.935
1917-10,0.959,0.969,1.286,1.008,1.093,0.588,1.28
1917-11,-0.931,0.099,1.114,0.863,0.663,0.43,1.099
1917-12,-1.602,-0.493,0.779,0.52,0.211,0.252,0.69
1918-01,0.592,-1.096,0.245,0.646,0.399,0.375,0.803
1918-02,-0.643,-0.777,-0.424,0.638,0.439,0.162,0.373
1918-03,-1.094,-0.606,-0.733,0.402,0.199,0.157,-0.046
1918-04,1.417,0.12,-0.751,0.217,0.569,0.493,0.22
1918-05,0.494,0.611,-0.156,-0.108,0.722,0.398,0.287
1918-06,-0.878,0.532,-0.076,-0.392,0.517,0.098,0.161
1918-07,1.037,0.237,0.194,-0.567,0.233,0.36,0.36
1918-08,-1.083,-0.558,-0.062,-0.641,-0.44,0.28,0.075
1918-09,2.228,1.751,1.674,1.294,0.676,1.002,0.915
1918-10,-0.376,0.88,0.799,0.759,0.167,0.843,0.784
1918-11,-0.015,1.211,0.631,0.789,0.395,0.912,0.633
1918-12,0.396,-0.256,1.028,1.1,0.839,1.013,0.629
1919-01,1.493,0.869,1.141,1.063,1.006,0.843,0.861
1919-02,1.509,1.595,1.8,1.316,1.39,0.843,1.132
1919-03,0.781,1.993,0.972,1.659,1.639,1.014,1.169
1919-04,1.075,1.875,1.667,1.692,1.528,1.044,1.341
1919-05,-2.029,0.195,1.302,1.639,1.124,0.926,1.23
1919-06,-0.367,-0.595,1.22,0.549,1.27,1.103,1.23
1919-07,1.184,-0.449,0.991,1.197,1.288,1.155,1.041
1919-08,0.218,0.376,0.348,1.337,1.632,1.241,0.865
1919-09,-0.856,0.135,-0.337,0.922,0.5,1.198,0.75
1919-10,-1.342,-1.06,-1.178,-0.119,0.295,0.625,0.271
1919-11,-0.592,-1.599,-0.884,-0.72,0.146,0.446,0.31
1919-12,1.62,-0.13,-0.051,-0.367,0.604,1.011,0.869
1920-01,0.124,0.617,-0.417,-0.651,0.161,0.788,0.718
1920-02,-1.627,0.531,-0.826,-0.518,-0.441,0.828,0.625
1920-03,-0.346,-0.972,-0.649,-0.448,-0.684,0.005,0.674
1920-04,1.475,0.185,0.51,-0.334,-0.523,0.477,0.698
1920-05,-0.803,0.279,0.499,-0.625,-0.35,0.328,0.537
1920-06,-0.309,0.18,-0.663,-0.524,-0.363,0.173,0.648
1920-07,1.736,0.375,0.358,0.587,-0.171,0.241,0.779
1920-08,-0.902,0.253,0.306,0.525,-0.492,-0.237,0.833
1920-09,0.224,0.529,0.455,-0.12,-0.219,-0.351,0.173
1920-10,-1.169,-0.974,-0.581,-0.516,-0.187,-0.772,0.054
1920-11,-2.422,-1.503,-0.927,-0.708,-0.501,-0.879,-0.244
1920-12,-0.082,-2.126,-0.851,-0.692,-1.161,-0.857,-0.329
1921-01,0.027,-1.312,-1.587,-1.18,-1.054,-1.062,-0.557
1921-02,-2.158,-0.827,-1.718,-1.277,-1.057,-1.369,-0.962
1921-03,-0.718,-1.391,-2.288,-1.288,-1.095,-1.305,-1.151
1921-04,-0.282,-1.88,-2.06,-2.145,-1.623,-1.145,-1.399
1921-05,-0.626,-1.033,-1.498,-2.083,-1.5,-1.091,-1.284
1921-06,-1.837,-1.942,-2.853,-3.037,-1.889,-1.996,-1.601
1921-07,-2.603,-3.061,-3.901,-3.603,-3.02,-2.242,-2.088
1921-08,-0.585,-2.596,-2.887,-3.177,-3.193,-2.146,-2.399
1921-09,-0.507,-1.985,-2.868,-3.55,-3.814,-2.246,-2.401
1921-10,-0.788,-1.135,-2.655,-3.355,-3.7,-2.691,-2.216
1921-11,-0.624,-1.184,-2.574,-2.804,-3.28,-2.737,-2.247
1921-12,-0.524,-1.379,-2.21,-2.902,-3.56,-2.941,-2.872
1922-01,0.585,-0.49,-1.202,-2.411,-2.958,-3.149,-2.462
1922-02,0.079,-0.047,-0.982,-2.165,-2.474,-3.01,-2.201
1922-03,0.048,0.246,-0.813,-1.62,-2.23,-3.14,-2.103
1922-04,0.549,0.211,-0.285,-0.978,-1.944,-2.879,-2.343
1922-05,-0.385,-0.045,-0.179,-0.935,-1.785,-2.414,-2.301
1922-06,-0.551,-0.527,-0.338,-1.039,-1.666,-2.691,-2.582
1922-07,1.821,0.489,0.475,-0.014,-0.641,-1.944,-2.476
1922-08,0.06,0.621,0.394,0.226,-0.541,-1.669,-2.439
1922-09,0.46,1.126,0.551,0.588,-0.259,-1.438,-2.433
1922-10,-1.393,-0.433,-0.129,-0.089,-0.379,-1.554,-2.36
1922-11,-1.182,-1.008,-0.35,-0.393,-0.506,-1.703,-2.251
1922-12,-0.328,-1.899,-0.258,-0.524,-0.466,-1.565,-2.372
1923-01,-0.492,-1.32,-1.148,-0.772,-0.676,-1.235,-2.194
1923-02,1.022,-0.009,-0.837,-0.368,-0.418,-0.945,-1.756
1923-03,0.054,0.189,-1.146,-0.17,-0.407,-0.82,-1.625
1923-04,-0.47,0.189,-0.851,-0.944,-0.624,-0.757,-1.659
1923-05,-0.621,-0.738,-0.64,-1.169,-0.629,-0.711,-1.67
1923-06,-1.487,-1.932,-1.395,-1.991,-0.833,-0.932,-1.815
1923-07,0.281,-1.217,-0.918,-1.547,-1.336,-0.927,-1.427
1923-08,0.707,-0.2,-0.794,-0.813,-1.223,-0.749,-1.236
1923-09,0.083,0.41,-0.796,-0.697,-1.497,-0.762,-1.14
1923-10,1.18,0.89,0.134,0.148,-0.513,-0.439,-0.576
1923-11,-0.695,0.37,0.089,-0.316,-0.409,-0.514,-0.601
1923-12,0.255,0.532,0.556,-0.277,-0.25,-0.367,-0.479
1924-01,0.817,0.034,0.705,0.079,0.099,-0.605,-0.375
1924-02,-0.494,0.268,0.366,0.152,-0.221,-0.706,-0.431
1924-03,-1.52,-0.494,0.084,0.246,-0.45,-1.028,-0.572
1924-04,0.426,-0.945,-0.525,0.284,-0.241,-0.699,-0.592
1924-05,1.529,0.622,0.561,0.556,0.334,-0.039,-0.225
1924-06,-0.026,1.052,0.5,0.569,0.602,-0.003,-0.173
1924-07,1.434,1.566,0.838,0.565,0.884,0.397,-0.257
1924-08,0.41,0.785,0.998,0.98,0.843,0.291,-0.21
1924-09,0.206,0.917,1.315,0.974,0.942,0.309,-0.277
1924-10,0.821,0.581,1.296,0.894,0.774,0.562,0.172
1924-11,0.337,0.563,0.85,0.987,1.046,0.732,0.404
1924-12,0.041,0.6,0.929,1.257,1.043,1.019,0.488
1925-01,-1.144,-0.438,0.193,0.908,0.543,0.777,0.381
1925-02,0.984,-0.089,0.331,0.666,0.808,0.8,0.356
1925-03,-0.731,-0.525,0.122,0.561,0.868,0.733,0.267
1925-04,0.297,0.233,-0.235,0.213,0.833,0.471,0.372
1925-05,0.189,-0.21,-0.333,0.12,0.431,0.614,0.483
1925-06,-1.118,-0.63,-1.061,-0.255,0.238,0.378,0.547
1925-07,0.739,-0.258,-0.144,-0.446,0.034,0.341,0.61
1925-08,0.061,-0.272,-0.486,-0.599,-0.093,0.397,0.497
1925-09,0.653,0.635,0.066,-0.292,0.072,0.711,0.657
1925-10,0.377,0.407,0.124,0.157,-0.128,0.67,0.399
1925-11,-0.528,0.193,-0.1,-0.254,-0.387,0.246,0.416
1925-12,-0.443,-0.439,0.104,-0.241,-0.521,0.21,0.332
1926-01,0.082,-0.707,-0.097,-0.278,-0.216,-0.084,0.19
1926-02,0.995,0.188,0.178,-0.052,-0.204,-0.004,0.367
1926-03,-2.841,-0.385,-0.577,-0.102,-0.382,-0.282,0.306
1926-04,1.041,0.319,-0.366,-0.005,-0.161,-0.314,0.42
1926-05,0.058,-0.222,-0.127,-0.023,-0.175,-0.375,0.141
1926-06,0.317,0.642,0.181,-0.203,0.128,-0.338,0.207
1926-07,1.359,0.827,0.844,0.149,0.303,0.164,0.188
1926-08,-0.749,0.389,0.071,0.084,0.113,-0.169,-0.02
1926-09,0.374,0.432,0.676,0.381,-0.002,0.004,0.026
1926-10,0.272,-0.117,0.316,0.375,-0.043,0.013,-0.125
1926-11,0.695,0.491,0.543,0.323,0.331,0.134,-0.056
1926-12,-2.382,-0.359,0.008,0.267,0.053,0.061,-0.319
1927-01,-0.083,-0.609,-0.498,-0.062,0.016,-0.09,-0.149
1927-02,1.399,-0.243,0.189,0.318,0.131,0.158,-0.074
1927-03,0.09,0.679,0.083,0.259,0.431,0.02,0.014
1927-04,-0.06,0.719,-0.048,-0.175,0.163,-0.083,-0.031
1927-05,-1.436,-0.829,-0.892,-0.277,-0.074,-0.183,-0.214
1927-06,0.703,-0.385,0.148,-0.178,0.044,0.071,0.069
1927-07,0.587,0.048,0.455,-0.097,-0.178,0.17,0.043
1927-08,0.482,0.785,0.059,-0.206,0.115,0.089,0.122
1927-09,1.132,1.155,0.652,0.928,0.455,0.636,0.28
1927-10,-0.182,0.622,0.473,0.694,0.302,0.348,0.146
1927-11,0.04,0.448,0.762,0.283,0.087,0.353,0.233
1927-12,0.036,-0.305,0.555,0.276,0.519,0.329,0.328
1928-01,0.866,0.328,0.63,0.514,0.696,0.199,0.429
1928-02,-0.422,0.203,0.392,0.716,0.283,0.284,0.229
1928-03,0.328,0.372,-0.063,0.572,0.322,0.273,0.446
1928-04,-0.828,-0.772,-0.205,0.265,0.196,0.109,0.198
1928-05,0.177,-0.28,-0.156,0.144,0.45,-0.037,0.221
1928-06,0.304,-0.342,-0.084,-0.288,0.344,0.328,0.224
1928-07,0.801,0.524,-0.101,0.075,0.393,0.48,0.109
1928-08,0.051,0.413,0.053,0.078,0.275,0.208,0.233
1928-09,-1.234,-0.355,-0.572,-0.381,-0.505,-0.043,-0.036
1928-10,0.574,-0.27,0.014,-0.35,-0.203,0.113,0.048
1928-11,-0.693,-0.617,-0.253,-0.424,-0.407,0.176,-0.225
1928-12,0.565,0.163,-0.166,-0.358,-0.245,0.142,0.148
1929-01,-0.278,-0.379,-0.492,-0.225,-0.512,-0.012,0.117
1929-02,-1.48,-0.426,-0.817,-0.487,-0.629,-0.284,-0.232
1929-03,-3.83,-2.336,-0.98,-0.967,-1.047,-0.923,-0.451
1929-04,-0.42,-2.854,-1.69,-1.374,-0.949,-1.001,-0.495
1929-05,-0.507,-1.761,-1.637,-1.588,-1.052,-1.074,-0.406
1929-06,-0.918,-1.51,-3.211,-1.657,-1.455,-1.359,-0.77
1929-07,0.857,-0.485,-2.188,-1.821,-1.412,-1.254,-0.69
1929-08,-1.278,-0.778,-1.971,-2.118,-1.909,-1.427,-1.056
1929-09,-1.958,-1.235,-2.007,-3.248,-2.187,-1.854,-1.727
1929-10,0.582,-0.973,-1.136,-2.204,-2.188,-1.403,-1.442
1929-11,1.035,0.126,-0.449,-1.217,-1.521,-1.188,-1.212
1929-12,1.435,1.518,0.398,-0.296,-1.193,-0.952,-0.915
1930-01,-0.002,1.324,0.127,-0.177,-0.989,-1.061,-0.961
1930-02,-1.209,0.412,0.256,-0.23,-0.923,-1.258,-1.002
1930-03,0.271,-0.55,0.842,0.09,-0.486,-0.974,-0.992
1930-04,0.454,-0.29,0.836,-0.038,-0.277,-1.123,-0.82
1930-05,0.819,0.676,0.707,0.492,0.055,-0.726,-0.7
1930-06,-0.831,0.085,-0.451,0.725,0.067,-1.102,-0.988
1930-07,1.199,0.579,0.237,0.994,0.165,-0.681,-0.868
1930-08,0.266,0.23,0.586,0.695,0.496,-0.453,-0.884
1930-09,1.235,1.419,1.139,0.769,1.37,0.182,-0.328
1930-10,-0.901,0.35,0.531,0.34,0.945,0.055,-0.626
1930-11,1.204,0.817,0.711,0.892,1.017,0.423,-0.235
1930-12,0.091,0.16,1.01,0.889,0.637,0.642,-0.325
1931-01,-0.121,0.641,0.585,0.72,0.548,0.434,-0.258
1931-02,0.882,0.285,0.744,0.709,0.871,0.787,-0.003
1931-03,-3.004,-0.627,-0.264,0.599,0.514,0.86,0.007
1931-04,1.309,0.467,0.68,0.648,0.744,1.07,0.288
1931-05,0.944,0.537,0.507,0.84,0.749,0.975,0.521
1931-06,-0.044,1.144,0.505,0.343,0.94,0.653,0.679
1931-07,2.035,1.563,1.608,1.5,1.174,1.071,0.912
1931-08,1.086,1.515,1.573,1.53,1.502,1.418,1.355
1931-09,0.226,1.678,1.974,1.597,1.216,1.41,1.673
1931-10,-1.413,0.017,0.881,0.974,1.138,1.021,1.285
1931-11,-0.215,-0.759,0.49,0.63,0.69,0.852,1.04
1931-12,-1.135,-1.732,0.275,0.75,0.465,0.907,0.656
1932-01,-1.196,-1.499,-0.838,0.112,0.231,0.48,0.465
1932-02,-1.853,-2.165,-1.865,-0.434,-0.201,0.264,0.41
1932-03,-0.184,-1.835,-2.268,-0.427,0.075,-0.121,0.346
1932-04,0.534,-0.71,-1.541,-1.053,-0.147,0.198,0.367
1932-05,1.88,1.297,-0.245,-0.735,0.199,0.379,0.615
1932-06,-1.292,0.891,-0.468,-1.3,-0.034,0.138,0.612
1932-07,0.788,1.0,0.394,-0.616,-0.443,0.311,0.519
1932-08,0.357,-0.109,0.836,-0.399,-0.789,0.221,0.556
1932-09,-0.073,0.354,0.785,-0.129,-0.975,0.42,0.221
1932-10,1.336,0.782,1.126,0.791,0.049,0.518,0.743
1932-11,-0.477,0.492,0.243,0.83,-0.019,0.251,0.398
1932-12,-2.407,-0.051,0.143,0.508,-0.179,0.008,0.153
1933-01,-0.649,-1.89,-0.268,0.22,-0.063,-0.568,0.082
1933-02,0.09,-1.47,-0.39,-0.454,0.187,-0.875,-0.037
1933-03,0.278,-0.353,-0.283,-0.056,0.268,-0.887,0.188
1933-04,-0.665,-0.423,-1.617,-0.44,0.032,-0.758,-0.109
1933-05,0.267,-0.188,-1.285,-0.508,-0.495,-0.623,-0.236
1933-06,0.479,-0.064,-0.438,-0.344,-0.119,-0.342,-0.162
1933-07,-0.378,0.073,-0.305,-1.372,-0.39,-0.202,-0.635
1933-08,-0.908,-0.507,-0.661,-1.606,-0.787,-0.194,-1.117
1933-09,0.207,-0.755,-0.681,-0.917,-0.754,-0.138,-1.15
1933-10,0.076,-0.388,-0.351,-0.568,-1.431,-0.214,-0.844
1933-11,-1.037,-0.448,-0.755,-0.817,-1.592,-0.907,-0.993
1933-12,-2.555,-1.71,-1.627,-1.456,-1.659,-1.052,-1.142
1934-01,-0.785,-2.429,-1.648,-1.407,-1.501,-1.283,-0.965
1934-02,-1.925,-2.593,-1.755,-1.811,-1.755,-1.63,-0.94
1934-03,0.284,-1.242,-1.927,-1.885,-1.706,-1.574,-0.859
1934-04,0.03,-0.826,-2.222,-1.8,-1.514,-2.26,-0.944
1934-05,-1.499,-0.676,-2.391,-1.924,-1.799,-2.321,-1.579
1934-06,-0.239,-1.217,-2.132,-2.355,-2.177,-2.133,-1.586
1934-07,-0.121,-1.202,-1.673,-2.738,-2.073,-1.874,-1.711
1934-08,0.024,-0.382,-0.911,-2.4,-1.983,-1.867,-1.905
1934-09,-0.368,-0.514,-1.244,-1.944,-2.391,-2.052,-2.026
1934-10,-0.504,-0.613,-1.265,-1.601,-2.644,-1.915,-2.539
1934-11,-0.264,-0.783,-0.924,-1.208,-2.419,-2.084,-2.523
1934-12,1.242,0.083,-0.317,-0.868,-1.445,-1.999,-1.969
1935-01,0.666,0.763,-0.035,-0.625,-0.912,-1.654,-1.529
1935-02,0.847,1.288,0.203,-0.086,-0.421,-1.346,-1.359
1935-03,-1.489,0.157,0.082,-0.231,-0.699,-1.623,-1.529
1935-04,0.956,0.386,0.729,0.075,-0.428,-1.499,-1.268
1935-05,-0.435,-0.334,0.711,-0.052,-0.246,-1.312,-1.391
1935-06,0.611,0.564,0.506,0.298,-0.015,-0.85,-1.502
1935-07,-1.918,-0.794,-0.451,0.139,-0.283,-0.921,-1.627
1935-08,-0.594,-0.789,-0.996,0.028,-0.491,-0.842,-1.685
1935-09,1.165,-0.226,0.137,0.145,0.091,-0.533,-1.409
1935-10,0.15,0.384,-0.165,-0.044,0.3,-0.467,-1.328
1935-11,0.978,1.029,0.35,0.097,0.703,-0.044,-0.931
1935-12,0.402,0.677,0.27,0.451,0.461,0.102,-0.587
1936-01,1.436,1.408,1.07,0.584,0.641,0.411,-0.15
1936-02,1.049,1.336,1.505,0.941,0.669,0.596,0.147
1936-03,-1.369,0.88,0.891,0.556,0.66,0.556,-0.019
1936-04,0.072,-0.106,0.991,0.886,0.447,0.746,-0.008
1936-05,-0.701,-1.098,0.324,0.885,0.39,0.653,0.065
1936-06,1.316,0.573,1.083,1.001,0.667,0.768,0.421
1936-07,2.456,1.994,1.697,2.047,1.57,1.18,0.926
1936-08,-1.496,1.523,0.648,1.391,1.545,0.799,0.768
1936-09,0.785,1.239,1.269,1.625,1.499,1.139,1.054
1936-10,-0.058,-0.242,0.993,0.865,1.442,0.866,1.092
1936-11,0.748,0.591,1.362,0.772,1.375,1.105,1.277
1936-12,-0.077,0.17,0.888,0.993,1.319,1.046,1.09
1937-01,1.503,1.089,0.426,1.338,1.201,1.475,1.134
1937-02,1.344,1.313,1.155,1.782,1.233,1.826,1.168
1937-03,1.612,2.36,1.456,1.728,1.717,1.878,1.492
1937-04,1.128,2.312,2.087,1.304,1.922,2.224,1.54
1937-05,0.595,1.575,2.056,1.731,2.052,2.023,1.693
1937-06,0.114,0.881,2.59,1.652,1.821,2.056,1.744
1937-07,0.312,0.366,1.916,2.001,1.221,1.695,1.912
1937-08,-0.82,-0.384,0.891,1.582,1.396,1.363,1.984
1937-09,0.149,-0.393,0.251,1.667,1.274,1.518,1.796
1937-10,-0.031,-0.455,-0.222,0.886,1.289,1.38,1.691
1937-11,-0.569,-0.373,-0.618,0.326,0.934,1.416,1.418
1937-12,1.088,0.102,-0.231,0.194,1.319,1.409,1.614
1938-01,0.876,0.637,-0.01,0.099,1.001,0.944,1.355
1938-02,-0.938,0.682,0.056,-0.217,0.539,1.081,1.089
1938-03,-1.978,-0.752,-0.367,-0.524,-0.129,0.736,1.035
1938-04,-2.082,-3.314,-0.89,-0.985,-0.716,0.596,0.88
1938-05,0.394,-1.463,-0.47,-0.645,-0.731,0.468,1.03
1938-06,-1.402,-1.743,-2.143,-1.178,-1.115,0.256,0.632
1938-07,-0.496,-0.998,-2.937,-1.459,-1.291,-0.174,0.04
1938-08,-0.725,-1.595,-2.495,-1.599,-1.398,-0.594,0.119
1938-09,1.218,0.202,-0.9,-1.349,-0.967,-0.576,0.268
1938-10,0.465,0.546,-0.108,-1.211,-0.757,-0.651,0.383
1938-11,0.306,0.922,-0.119,-0.793,-0.493,-0.725,0.28
1938-12,0.935,0.761,0.582,-0.193,-0.562,-0.565,0.495
1939-01,2.145,1.727,1.385,0.818,-0.038,-0.078,0.597
1939-02,-0.885,1.394,1.455,0.598,-0.028,-0.039,0.295
1939-03,0.3,1.206,1.129,0.949,0.28,-0.003,0.068
1939-04,1.071,0.368,1.475,1.332,0.796,0.27,0.063
1939-05,-0.657,0.308,1.207,1.37,0.567,0.257,-0.118
1939-06,0.335,0.337,1.164,1.101,0.924,0.074,-0.097
1939-07,0.002,-0.338,-0.11,1.069,0.997,-0.104,-0.14
1939-08,0.526,0.321,0.383,1.212,1.353,0.121,0.084
1939-09,0.57,0.491,0.523,1.126,1.179,0.448,0.199
1939-10,1.512,1.241,0.858,0.913,1.662,1.048,0.643
1939-11,1.118,1.528,1.368,1.309,1.931,1.247,0.963
1939-12,-0.887,1.325,1.148,1.121,1.593,1.419,0.683
1940-01,-0.17,0.133,1.069,0.757,0.797,1.387,0.463
1940-02,0.371,-0.497,1.006,0.986,0.962,1.591,0.572
1940-03,1.333,0.762,1.293,1.22,1.169,1.557,0.9
1940-04,0.031,0.905,0.567,1.24,0.921,1.578,1.078
1940-05,-0.457,0.373,-0.174,0.993,0.913,1.374,0.978
1940-06,-1.777,-1.554,-0.594,0.511,0.594,0.977,1.03
1940-07,1.522,-0.208,0.392,0.298,0.959,0.751,1.324
1940-08,-3.015,-0.93,-0.528,-0.906,0.464,0.509,1.227
1940-09,-1.472,-0.956,-1.809,-1.167,-0.046,0.205,0.747
1940-10,0.123,-1.663,-1.423,-0.872,-0.764,0.002,0.639
1940-11,2.613,0.995,0.25,0.338,0.032,0.852,1.254
1940-12,-0.276,1.612,0.6,-0.115,0.179,0.809,1.103
1941-01,0.215,1.802,0.128,-0.053,0.251,0.802,0.637
1941-02,0.812,0.227,0.865,0.272,0.343,0.839,0.794
1941-03,1.331,1.183,1.718,0.953,0.332,0.987,0.931
1941-04,-0.133,1.071,1.888,0.499,0.302,0.53,0.765
1941-05,0.147,0.578,0.496,0.966,0.412,0.244,0.874
1941-06,-1.138,-0.963,0.199,1.129,0.5,0.185,0.726
1941-07,0.525,-0.442,0.344,1.412,0.217,0.305,0.787
1941-08,1.433,0.576,0.792,0.764,1.103,0.614,1.048
1941-09,-1.343,0.483,-0.247,0.432,1.2,0.114,0.761
1941-10,0.32,0.343,-0.028,0.4,1.273,0.172,0.369
1941-11,-0.045,-0.54,-0.084,0.158,0.184,0.239,0.106
1941-12,-0.714,-0.34,0.055,-0.421,0.104,0.404,0.144
1942-01,0.488,-0.303,0.055,-0.224,0.166,0.154,0.236
1942-02,-0.248,-0.336,-0.704,-0.293,-0.059,0.448,0.15
1942-03,-0.183,-0.099,-0.352,-0.032,-0.431,0.686,-0.082
1942-04,-0.949,-1.115,-0.877,-0.379,-0.56,0.589,-0.187
1942-05,0.23,-0.561,-0.778,-0.966,-0.503,-0.247,-0.087
1942-06,-1.029,-1.295,-1.226,-0.983,-0.521,-0.424,-0.045
1942-07,0.917,-0.074,-0.866,-0.878,-0.401,-0.232,-0.171
1942-08,-0.405,-0.391,-0.837,-1.078,-1.146,-0.474,0.036
1942-09,-0.481,-0.22,-1.04,-1.097,-1.048,-0.896,0.168
1942-10,1.259,0.285,0.115,-0.371,-0.547,-0.403,0.49
1942-11,-0.106,0.406,0.008,-0.315,-0.57,-0.463,-0.261
1942-12,0.339,0.888,0.426,-0.195,-0.297,-0.209,-0.15
1943-01,2.18,1.258,0.905,0.713,0.305,0.213,0.271
1943-02,-0.617,1.178,0.933,0.573,0.24,-0.257,0.085
1943-03,-1.687,0.64,0.912,0.577,0.04,-0.198,-0.273
1943-04,-0.655,-2.021,0.084,0.198,0.09,-0.4,-0.331
1943-05,-0.043,-1.219,0.115,0.288,0.033,-0.386,-0.36
1943-06,0.14,-0.555,-0.015,0.51,0.276,-0.257,-0.214
1943-07,-1.368,-0.81,-2.091,-0.471,-0.179,-0.534,-0.456
1943-08,-0.677,-1.063,-1.872,-0.713,-0.278,-0.64,-0.997
1943-09,-0.258,-1.454,-1.521,-1.022,-0.246,-0.698,-0.855
1943-10,-0.277,-0.773,-1.178,-1.985,-0.962,-0.585,-0.959
1943-11,-0.573,-0.749,-1.339,-1.834,-1.109,-0.757,-1.073
1943-12,-0.314,-0.905,-1.565,-1.671,-1.346,-0.66,-1.04
1944-01,-0.65,-1.055,-1.28,-1.581,-2.201,-0.914,-1.092
1944-02,-0.339,-0.811,-1.147,-1.629,-2.066,-0.904,-1.069
1944-03,-1.716,-1.613,-1.546,-1.98,-2.013,-1.001,-1.189
1944-04,-0.049,-1.35,-1.586,-1.682,-1.832,-1.582,-1.084
1944-05,-0.61,-1.237,-1.628,-1.678,-1.871,-1.62,-1.22
1944-06,-0.353,-0.949,-2.175,-1.89,-2.152,-1.906,-1.249
1944-07,0.122,-0.747,-1.631,-1.909,-1.782,-2.405,-1.366
1944-08,0.606,0.055,-0.873,-1.421,-1.512,-2.086,-1.231
1944-09,0.899,0.84,0.077,-0.789,-1.119,-1.569,-0.899
1944-10,0.895,1.057,0.499,-0.055,-0.599,-1.06,-0.993
1944-11,0.803,1.172,0.914,0.287,-0.154,-0.872,-0.802
1944-12,-1.097,0.53,0.834,0.319,-0.319,-1.138,-1.054
1945-01,-0.103,-0.169,0.754,0.3,-0.166,-0.881,-1.427
1945-02,0.084,-0.706,0.581,0.473,-0.082,-0.756,-1.298
1945-03,-0.471,-0.469,0.094,0.497,0.068,-0.763,-1.169
1945-04,-0.636,-0.902,-0.665,0.344,-0.031,-0.839,-1.172
1945-05,0.397,-0.45,-0.975,0.243,0.185,-0.595,-1.101
1945-06,-0.113,-0.43,-0.847,-0.189,0.245,-0.609,-1.275
1945-07,0.013,-0.07,-0.734,-0.698,0.219,-0.45,-1.054
1945-08,0.156,-0.167,-0.568,-1.074,0.072,-0.373,-0.97
1945-09,0.888,0.527,0.087,-0.243,0.065,0.057,-0.685
1945-10,-0.199,0.312,0.14,-0.271,-0.391,0.009,-0.637
1945-11,-2.34,-0.443,-0.53,-0.751,-1.189,-0.203,-0.85
1945-12,1.145,-0.543,-0.034,-0.28,-0.538,0.135,-0.566
1946-01,-0.472,-0.628,-0.141,-0.228,-0.555,0.041,-0.474
1946-02,0.486,0.574,-0.063,-0.207,-0.444,-0.024,-0.359
1946-03,-0.009,-0.195,-0.545,-0.144,-0.349,-0.271,-0.204
1946-04,-0.772,-0.404,-0.744,-0.319,-0.357,-0.713,-0.284
1946-05,0.234,-0.403,0.062,-0.323,-0.373,-0.857,-0.165
1946-06,0.522,-0.091,-0.339,-0.583,-0.207,-0.572,-0.022
1946-07,2.163,1.588,1.138,0.421,0.424,0.048,0.403
1946-08,1.047,1.82,1.3,1.45,0.728,0.29,0.522
1946-09,0.486,1.869,1.44,1.239,0.61,0.457,0.427
1946-10,-0.402,0.436,1.201,0.968,0.557,0.419,0.1
1946-11,1.307,0.577,1.559,1.203,1.411,0.664,0.22
1946-12,0.359,0.584,1.578,1.342,1.238,0.818,0.454
1947-01,-0.367,0.757,0.72,1.351,1.127,0.721,0.383
1947-02,0.239,-0.006,0.386,1.36,1.041,0.744,0.383
1947-03,2.239,1.319,1.075,1.801,1.561,1.028,0.803
1947-04,0.16,1.651,1.452,1.243,1.685,1.201,0.906
1947-05,-1.512,0.759,0.477,0.646,1.372,1.257,0.71
1947-06,0.782,-0.197,0.859,0.812,1.522,1.249,0.945
1947-07,0.543,0.071,1.178,1.258,1.059,1.326,1.0
1947-08,-3.376,-0.312,0.239,0.109,0.383,0.907,0.73
1947-09,-0.571,-1.4,-1.221,-0.284,0.068,0.778,0.429
1947-10,-2.476,-2.762,-1.779,-0.705,-0.266,0.525,0.175
1947-11,-0.861,-1.906,-1.603,-0.942,-1.027,0.353,0.308
1947-12,0.934,-1.075,-1.651,-1.549,-0.842,0.467,0.283
1948-01,1.487,0.793,-1.098,-0.968,-0.212,0.254,0.579
1948-02,-0.555,1.048,-0.59,-0.739,-0.347,-0.077,0.439
1948-03,-0.923,0.244,-0.631,-1.219,-1.205,-0.313,0.34
1948-04,0.161,-0.966,0.088,-1.379,-1.177,-0.182,0.455
1948-05,0.916,0.151,0.819,-0.502,-0.583,-0.327,0.583
1948-06,1.186,1.332,1.273,0.173,-0.451,-0.068,0.791
1948-07,-0.098,1.17,0.427,0.752,-0.599,-0.016,0.333
1948-08,1.517,1.478,1.295,1.752,0.359,0.359,0.474
1948-09,-0.468,0.575,1.25,1.265,0.405,-0.283,0.291
1948-10,-0.096,0.43,0.941,0.52,0.809,-0.318,0.341
1948-11,-0.572,-0.75,0.467,0.422,0.877,-0.236,-0.062
1948-12,-0.228,-0.731,-0.107,0.542,0.59,-0.491,-0.156
1949-01,-1.176,-1.24,-0.333,0.264,-0.096,-0.732,-0.218
1949-02,-0.289,-0.972,-1.24,-0.055,-0.049,-0.431,-0.278
1949-03,-1.072,-1.644,-1.427,-0.717,-0.068,-0.437,-0.808
1949-04,-0.165,-1.148,-1.614,-0.75,-0.128,-0.113,-0.857
1949-05,0.947,-0.031,-0.827,-1.138,-0.104,0.273,-0.51
1949-06,-0.881,-0.193,-1.473,-1.374,-0.749,-0.125,-0.905
1949-07,-0.671,-0.406,-1.194,-1.706,-0.854,-0.565,-1.069
1949-08,-0.607,-1.384,-1.191,-1.815,-1.786,-0.617,-0.918
1949-09,-1.507,-1.807,-1.48,-2.384,-2.193,-0.776,-1.065
1949-10,1.533,0.172,-0.16,-0.658,-1.25,-0.234,-0.222
1949-11,-0.168,0.337,-0.579,-0.585,-1.138,-0.477,-0.124
1949-12,-0.281,0.864,-0.388,-0.485,-1.186,-0.91,-0.353
1950-01,-0.74,-0.819,-0.362,-0.582,-0.972,-0.951,-0.68
1950-02,1.709,0.372,0.399,-0.359,-0.405,-1.072,-0.313
1950-03,-1.749,-0.051,0.548,-0.377,-0.467,-1.181,-0.365
1950-04,0.176,0.431,-0.37,-0.185,-0.376,-1.185,-0.36
1950-05,0.581,-0.301,-0.035,0.14,-0.461,-0.872,-0.429
1950-06,-0.662,-0.194,-0.314,0.33,-0.452,-1.038,-0.906
1950-07,1.3,0.561,0.683,-0.036,0.035,-0.465,-0.607
1950-08,-0.014,0.2,-0.148,0.016,0.161,-0.434,-1.071
1950-09,0.816,1.022,0.642,0.516,0.799,-0.08,-0.769
1950-10,-1.637,-0.273,0.035,0.16,-0.294,-0.313,-0.968
1950-11,1.567,0.593,0.51,0.258,0.357,-0.113,-0.479
1950-12,-0.625,-0.086,0.584,0.382,0.305,-0.05,-0.546
1951-01,0.42,0.872,0.265,0.434,0.517,0.135,-0.269
1951-02,1.967,0.898,0.907,0.837,0.583,0.644,0.099
1951-03,1.451,2.058,1.112,1.352,1.108,1.183,0.422
1951-04,1.276,2.695,2.19,1.366,1.359,1.046,0.661
1951-05,0.781,1.663,1.833,1.575,1.348,1.192,0.638
1951-06,-0.231,0.911,2.347,1.364,1.498,1.235,0.771
1951-07,-0.433,-0.091,1.917,1.868,1.111,1.188,0.78
1951-08,0.925,0.108,1.3,1.657,1.451,1.058,1.102
1951-09,0.605,0.613,0.991,2.088,1.477,1.355,1.477
1951-10,-0.741,0.316,0.132,1.386,1.624,1.093,0.873
1951-11,1.203,0.466,0.35,1.13,1.496,1.278,1.15
1951-12,-0.306,0.044,0.377,0.716,1.629,1.446,1.201
1952-01,-0.109,0.463,0.456,0.295,1.348,1.113,1.155
1952-02,-0.818,-0.71,-0.068,-0.06,0.718,1.058,0.785
1952-03,1.258,0.238,0.099,0.371,0.643,1.122,1.08
1952-04,-0.282,0.124,0.36,0.406,0.265,1.446,1.04
1952-05,-0.663,0.096,-0.545,-0.086,-0.057,0.877,0.887
1952-06,-0.201,-1.012,-0.715,-0.442,-0.06,0.965,1.021
1952-07,-1.516,-1.544,-1.204,-0.569,-0.222,0.631,0.613
1952-08,1.114,-0.073,-0.096,-0.634,-0.185,0.492,0.885
1952-09,0.527,0.372,-0.372,-0.282,-0.242,0.32,0.838
1952-10,0.168,0.732,-0.158,-0.154,0.041,0.073,1.063
1952-11,1.29,0.829,0.547,0.468,0.08,0.23,0.987
1952-12,0.516,0.95,0.815,0.278,0.323,0.413,1.212
1953-01,-1.205,0.551,0.843,0.103,0.099,0.305,0.908
1953-02,0.247,-0.231,0.489,0.326,0.27,0.122,0.592
1953-03,-1.517,-1.464,0.009,0.17,-0.259,-0.195,0.228
1953-04,0.562,-0.37,0.172,0.59,-0.056,0.099,0.103
1953-05,0.112,-0.324,-0.525,0.212,0.104,-0.214,-0.011
1953-06,0.651,0.611,-0.551,0.263,0.348,-0.003,0.156
1953-07,0.693,0.673,0.276,0.485,0.729,0.159,0.326
1953-08,0.0,0.548,0.146,-0.118,0.409,0.241,0.126
1953-09,-0.271,-0.025,0.316,-0.478,0.16,-0.09,-0.071
1953-10,0.604,0.053,0.351,0.132,0.34,0.112,0.221
1953-11,-1.024,-0.345,0.028,-0.191,-0.394,0.045,-0.222
1953-12,-1.586,-0.903,-0.636,-0.283,-0.913,-0.117,-0.376
1954-01,-0.717,-2.029,-1.047,-0.586,-0.721,-0.012,-0.403
1954-02,0.519,-0.969,-0.905,-0.467,-0.63,-0.221,-0.241
1954-03,0.689,0.136,-0.59,-0.495,-0.229,-0.223,-0.338
1954-04,-2.162,-0.347,-1.653,-1.091,-0.65,-0.528,-0.485
1954-05,0.931,0.12,-0.699,-0.779,-0.378,-0.654,-0.227
1954-06,0.328,-0.104,-0.086,-0.628,-0.52,-0.74,-0.159
1954-07,1.291,1.272,0.859,-0.476,-0.329,-0.202,0.256
1954-08,1.421,1.49,1.286,0.581,0.144,0.148,0.346
1954-09,-0.524,1.141,0.795,0.764,0.08,0.187,0.137
1954-10,0.06,0.42,0.996,0.781,-0.14,0.08,0.11
1954-11,0.952,0.114,1.011,0.9,0.441,0.282,0.012
1954-12,0.261,0.536,1.04,0.837,0.845,0.206,-0.025
1955-01,0.222,0.689,0.669,1.14,0.937,0.109,0.16
1955-02,0.104,0.161,0.1,0.922,0.827,0.128,0.132
1955-03,-0.438,-0.229,0.214,0.759,0.592,0.152,0.212
1955-04,-1.808,-1.413,-0.192,0.118,0.613,-0.233,-0.026
1955-05,0.979,-0.341,-0.232,-0.148,0.605,0.195,0.134
1955-06,0.614,0.242,-0.071,0.244,0.72,0.583,0.123
1955-07,-1.912,0.157,-0.815,-0.152,0.115,0.417,-0.196
1955-08,-1.306,-1.115,-1.253,-1.078,-0.722,0.103,-0.416
1955-09,0.093,-1.679,-1.058,-1.193,-0.589,-0.022,-0.345
1955-10,1.219,0.234,0.197,-0.385,-0.034,0.537,-0.127
1955-11,-1.987,0.084,-0.669,-0.82,-0.817,0.089,-0.238
1955-12,-0.104,0.003,-1.016,-0.794,-0.951,0.016,-0.047
1956-01,0.883,-0.613,-0.201,-0.17,-0.646,-0.079,0.202
1956-02,-1.079,-0.058,-0.05,-0.667,-0.818,-0.615,0.025
1956-03,-1.339,-0.616,-0.376,-1.126,-0.93,-0.662,-0.198
1956-04,-0.375,-1.909,-1.508,-0.854,-0.707,-0.781,-0.06
1956-05,-1.429,-1.762,-1.309,-0.851,-1.211,-1.254,-0.384
1956-06,0.137,-1.127,-1.547,-0.932,-1.468,-1.364,-0.478
1956-07,0.419,-0.526,-1.753,-1.699,-0.991,-1.215,-0.637
1956-08,1.559,1.1,-0.096,-0.229,-0.17,-0.732,-0.641
1956-09,-0.082,1.01,0.142,-0.263,-0.252,-0.711,-0.568
1956-10,-0.113,0.593,0.159,-0.576,-0.885,-0.486,-0.581
1956-11,-1.34,-0.848,0.114,-0.668,-0.785,-0.954,-1.03
1956-12,0.352,-0.751,0.204,-0.344,-0.663,-1.097,-1.038
1957-01,-1.15,-1.239,-0.179,-0.473,-1.078,-0.944,-1.101
1957-02,0.602,-0.132,-0.805,-0.02,-0.718,-0.635,-0.994
1957-03,-0.485,-0.707,-0.971,-0.133,-0.579,-0.727,-0.981
1957-04,-2.967,-1.277,-1.685,-0.648,-0.827,-1.565,-1.028
1957-05,-0.909,-2.039,-1.524,-1.678,-0.707,-1.323,-1.356
1957-06,0.001,-1.922,-2.235,-1.822,-0.796,-1.388,-1.654
1957-07,0.73,-0.232,-1.11,-1.643,-0.695,-1.319,-1.231
1957-08,0.145,0.255,-1.099,-1.164,-1.387,-1.131,-1.073
1957-09,0.629,0.657,-0.557,-0.994,-1.195,-0.79,-0.95
1957-10,-0.052,0.21,-0.035,-0.577,-1.173,-0.691,-1.304
1957-11,0.368,0.316,0.322,-0.545,-0.701,-0.427,-0.958
1957-12,-0.098,-0.086,0.329,-0.498,-0.857,-0.49,-0.981
1958-01,0.206,0.096,0.162,-0.033,-0.475,-0.498,-0.99
1958-02,1.149,0.497,0.454,0.469,-0.309,-0.76,-0.671
1958-03,-1.15,0.162,-0.033,0.3,-0.396,-0.892,-0.646
1958-04,-0.757,-0.434,-0.217,-0.056,-0.195,-1.041,-0.689
1958-05,0.529,-0.656,-0.166,0.04,0.112,-0.625,-0.437
1958-06,2.171,1.729,1.595,0.879,0.955,0.077,0.127
1958-07,1.421,2.518,2.062,1.531,1.12,0.548,0.32
1958-08,0.616,2.276,1.628,1.707,1.322,0.572,0.066
1958-09,0.664,1.306,2.059,2.031,1.434,0.787,0.256
1958-10,-0.089,0.434,1.794,1.564,1.43,0.923,0.254
1958-11,-0.548,-0.066,1.485,1.04,1.208,0.974,0.347
1958-12,0.692,-0.181,0.736,1.442,1.476,1.191,0.438
1959-01,0.706,0.297,0.457,1.671,1.433,1.121,0.638
1959-02,-2.65,0.044,-0.111,1.31,0.909,0.932,0.373
1959-03,0.497,-0.179,-0.284,0.514,1.132,0.899,0.479
1959-04,0.57,-0.343,-0.014,0.244,1.353,1.109,0.761
1959-05,-1.298,-0.147,-0.185,-0.244,1.001,0.804,0.74
1959-06,-0.601,-0.978,-1.056,-0.783,0.084,0.726,0.702
1959-07,1.374,-0.236,-0.524,-0.238,0.069,0.927,0.808
1959-08,-1.709,-0.395,-0.539,-0.554,-0.489,0.46,0.6
1959-09,-3.07,-1.102,-1.561,-1.612,-1.323,0.262,0.185
1959-10,-0.15,-1.928,-1.601,-1.68,-1.349,0.302,0.161
1959-11,-0.142,-1.185,-1.215,-1.184,-1.234,0.179,0.053
1959-12,2.008,0.861,-0.063,-0.537,-0.673,-0.018,0.54
1960-01,0.457,1.258,-0.404,-0.539,-0.667,-0.232,0.532
1960-02,0.033,1.384,0.04,-0.237,-0.345,-0.386,0.352
1960-03,-0.089,0.064,0.601,-0.063,-0.465,-0.582,0.439
1960-04,-1.88,-1.243,0.37,-0.847,-0.876,-0.83,0.372
1960-05,-0.8,-1.477,0.181,-0.665,-0.752,-0.824,0.196
1960-06,0.027,-1.603,-1.297,-0.189,-0.642,-1.055,-0.439
1960-07,1.285,0.224,-0.656,0.373,-0.66,-0.815,-0.453
1960-08,0.998,1.073,0.007,0.895,-0.035,-0.312,-0.391
1960-09,1.156,1.79,0.674,0.609,0.863,-0.061,-0.236
1960-10,1.857,1.931,1.775,1.31,1.752,0.457,0.392
1960-11,0.737,1.892,2.098,1.394,2.009,0.788,0.624
1960-12,1.365,2.278,2.59,1.849,1.861,1.256,0.808
1961-01,0.553,1.328,2.281,2.123,1.685,1.02,0.708
1961-02,0.972,1.367,2.228,2.456,1.802,1.425,0.964
1961-03,-2.418,-0.023,1.679,2.196,1.534,1.57,0.719
1961-04,0.383,-0.193,0.884,1.999,1.801,1.809,0.703
1961-05,-0.431,-0.969,0.421,1.637,1.768,1.689,0.793
1961-06,-0.249,-0.481,-0.528,1.266,1.809,1.214,0.903
1961-07,-0.851,-1.138,-1.155,0.123,1.374,0.932,0.54
1961-08,0.482,-0.389,-1.115,0.006,1.303,1.003,0.869
1961-09,0.372,-0.017,-0.393,-0.456,1.08,1.082,1.253
1961-10,0.559,0.538,-0.178,-0.308,0.403,1.299,1.359
1961-11,-0.607,0.108,-0.239,-0.716,0.001,1.339,1.29
1961-12,0.959,0.416,0.213,-0.078,-0.147,1.629,1.099
1962-01,0.663,0.417,0.609,0.015,-0.095,1.415,1.025
1962-02,-0.941,0.478,0.281,-0.019,-0.465,1.131,0.899
1962-03,-0.189,-0.255,0.111,0.04,-0.199,0.83,0.868
1962-04,0.061,-0.817,-0.154,0.232,-0.264,0.215,1.042
1962-05,0.232,-0.102,0.186,0.125,-0.102,0.066,1.177
1962-06,-3.386,-1.268,-1.345,-0.536,-0.446,-0.664,1.022
1962-07,1.675,0.101,-0.524,-0.155,0.19,-0.313,1.077
1962-08,0.094,0.039,-0.148,0.09,0.064,-0.482,0.933
1962-09,0.465,1.055,0.116,-0.102,0.098,-0.145,0.768
1962-10,-0.685,-0.186,-0.177,-0.554,-0.332,-0.348,0.036
1962-11,-0.633,-0.522,-0.449,-0.509,-0.34,-0.403,-0.239
1962-12,-0.164,-1.118,0.049,-0.544,-0.714,-0.389,-0.564
1963-01,-1.203,-1.248,-0.896,-0.786,-1.062,-0.399,-0.732
1963-02,-1.093,-1.277,-1.217,-1.04,-1.042,-0.662,-0.969
1963-03,0.9,-0.697,-1.218,-0.264,-0.746,-0.58,-0.621
1963-04,0.524,0.263,-0.756,-0.704,-0.608,-0.672,-0.597
1963-05,0.405,0.772,-0.31,-0.633,-0.524,-0.43,-0.47
1963-06,-0.455,0.011,-0.627,-1.086,-0.272,-0.821,-0.564
1963-07,0.265,-0.12,-0.009,-0.807,-0.695,-0.845,-0.387
1963-08,1.296,0.578,0.937,0.082,-0.312,-0.346,-0.202
1963-09,0.301,0.952,0.7,0.255,-0.413,-0.263,-0.221
1963-10,0.018,0.656,0.416,0.447,-0.195,-0.256,-0.347
1963-11,1.279,0.64,0.777,0.998,0.439,0.014,0.043
1963-12,-2.161,-0.043,0.56,0.448,0.124,0.077,-0.389
1964-01,-1.242,-0.533,0.212,0.062,0.11,-0.466,-0.595
1964-02,-0.718,-2.227,-0.535,-0.161,0.153,-0.595,-0.561
1964-03,0.975,-0.506,-0.356,0.245,0.168,-0.523,-0.379
1964-04,0.559,0.475,-0.152,0.325,0.182,-0.256,-0.298
1964-05,-0.47,0.419,-1.151,-0.308,-0.004,-0.206,-0.4
1964-06,1.055,0.677,0.131,-0.003,0.44,0.116,0.077
1964-07,-0.943,-0.041,0.207,-0.241,0.214,0.14,-0.369
1964-08,-1.34,-0.398,-0.102,-1.406,-0.55,0.032,-0.626
1964-09,-1.534,-2.456,-1.113,-1.41,-1.098,-0.415,-1.0
1964-10,-0.916,-2.053,-1.528,-1.195,-1.403,-0.669,-0.992
1964-11,-0.854,-1.837,-1.631,-1.182,-2.268,-0.932,-1.043
1964-12,-0.423,-1.53,-2.585,-1.708,-1.977,-0.959,-1.115
1965-01,0.084,-0.874,-2.043,-1.779,-1.454,-0.933,-0.821
1965-02,-0.873,-0.679,-1.842,-1.809,-1.425,-1.477,-0.779
1965-03,0.21,-0.415,-1.32,-2.24,-1.61,-1.543,-0.877
1965-04,0.427,-0.232,-0.819,-1.858,-1.617,-1.546,-0.896
1965-05,-0.456,-0.074,-0.662,-1.642,-1.526,-2.007,-1.04
1965-06,0.228,-0.112,-0.527,-1.239,-1.99,-1.702,-1.019
1965-07,1.192,0.423,0.131,-0.494,-1.36,-1.072,-0.798
1965-08,0.381,0.758,0.497,-0.049,-1.031,-0.87,-1.115
1965-09,1.107,1.373,0.991,0.682,-0.243,-0.729,-0.884
1965-10,-1.295,0.207,0.326,0.161,-0.317,-1.03,-1.073
1965-11,0.235,0.138,0.515,0.363,-0.02,-0.916,-1.369
1965-12,1.444,0.179,0.989,0.787,0.58,-0.907,-0.796
1966-01,-1.07,0.456,0.366,0.453,0.31,-0.86,-0.684
1966-02,1.038,0.852,0.532,0.817,0.652,-0.457,-0.433
1966-03,-1.951,-0.862,-0.36,0.505,0.357,-0.401,-0.743
1966-04,0.712,0.211,0.402,0.358,0.43,-0.049,-0.716
1966-05,0.11,-0.314,0.351,0.256,0.524,0.133,-0.634
1966-06,0.635,0.689,-0.096,0.001,0.67,0.37,-0.83
1966-07,0.965,0.82,0.769,0.773,0.599,0.527,-0.498
1966-08,0.389,0.875,0.45,0.873,0.628,0.691,-0.256
1966-09,-0.982,0.056,0.429,-0.095,-0.032,0.463,-0.199
1966-10,0.706,0.058,0.443,0.451,0.573,0.532,0.155
1966-11,-0.474,-0.345,0.262,0.025,0.384,0.531,0.201
1966-12,1.038,0.631,0.405,0.628,0.254,0.754,0.49
1967-01,-0.912,-0.195,-0.125,0.239,0.256,0.362,0.33
1967-02,0.434,0.318,-0.156,0.327,0.103,0.356,0.449
1967-03,-0.909,-0.918,-0.031,-0.031,0.201,-0.066,0.323
1967-04,0.861,0.218,-0.072,-0.069,0.247,0.391,0.404
1967-05,1.1,0.68,0.642,0.15,0.5,0.574,0.661
1967-06,-0.148,0.899,0.077,0.389,0.301,0.192,0.64
1967-07,-0.284,0.274,0.292,0.023,0.006,0.288,0.382
1967-08,0.019,-0.41,0.103,0.2,-0.129,0.088,0.319
1967-09,0.214,-0.209,0.39,-0.161,0.182,0.317,0.079
1967-10,1.194,0.67,0.633,0.637,0.43,0.504,0.61
1967-11,-0.052,0.665,0.219,0.47,0.544,0.487,0.551
1967-12,0.273,0.825,0.386,0.717,0.329,0.434,0.332
1968-01,-0.166,-0.155,0.416,0.426,0.434,0.205,0.408
1968-02,-0.354,-0.22,0.351,0.033,0.276,0.076,0.208
1968-03,-0.602,-0.818,0.168,-0.013,0.309,0.2,0.292
1968-04,0.177,-0.68,-0.54,0.094,0.142,0.047,0.217
1968-05,-0.486,-0.624,-0.732,-0.042,-0.249,0.052,0.142
1968-06,0.83,0.241,-0.499,0.203,0.038,0.022,0.189
1968-07,1.536,1.069,0.478,0.185,0.496,0.502,0.307
1968-08,1.212,1.741,1.105,0.793,0.901,0.723,0.516
1968-09,1.577,2.343,2.036,1.585,1.549,1.29,1.144
1968-10,-0.05,1.303,1.606,1.294,1.066,1.03,0.924
1968-11,-0.934,0.516,1.461,1.029,0.874,0.687,0.859
1968-12,-0.206,-0.864,1.201,1.128,0.797,0.746,0.674
1969-01,0.515,-0.526,0.817,1.163,0.866,0.838,0.793
1969-02,0.629,0.323,0.515,1.406,1.011,0.953,0.786
1969-03,0.596,0.791,-0.16,1.276,1.186,1.048,0.929
1969-04,-0.307,0.336,-0.233,0.807,1.089,0.709,0.78
1969-05,1.181,0.732,0.686,0.741,1.4,0.956,0.807
1969-06,-0.12,0.348,0.824,-0.022,1.222,0.905,0.873
1969-07,0.811,0.91,0.929,0.314,1.012,1.022,1.014
1969-08,0.479,0.431,0.789,0.822,0.824,1.138,1.15
1969-09,-2.751,-0.345,-0.099,0.307,-0.259,0.907,0.879
1969-10,-2.291,-1.576,-0.566,-0.432,-0.712,0.529,0.255
1969-11,0.713,-1.418,-0.739,-0.292,-0.213,0.765,0.403
1969-12,0.431,-0.401,-0.539,-0.344,-0.027,0.711,0.459
1970-01,0.532,0.763,-0.605,-0.101,-0.014,0.455,0.522
1970-02,0.895,0.785,-0.536,-0.253,0.054,0.307,0.654
1970-03,0.274,0.779,0.117,-0.121,-0.022,-0.146,0.732
1970-04,1.221,1.324,1.26,0.019,0.361,0.167,0.915
1970-05,-1.557,0.126,0.589,-0.47,-0.203,0.116,0.835
1970-06,-0.381,-0.351,0.262,-0.132,-0.285,0.059,0.662
1970-07,-0.215,-1.393,-0.091,0.378,-0.532,-0.078,0.339
1970-08,-0.369,-0.742,-0.597,-0.061,-0.864,-0.275,-0.005
1970-09,0.244,-0.378,-0.595,-0.139,-0.375,-0.345,-0.435
1970-10,-1.121,-0.71,-1.452,-0.655,-0.22,-0.485,-0.597
1970-11,2.301,0.871,0.228,0.198,0.515,-0.085,0.168
1970-12,-0.063,0.924,0.364,0.115,0.409,-0.059,0.209
1971-01,1.008,1.952,0.719,0.032,0.5,-0.01,0.284
1971-02,-1.32,-0.011,0.636,0.138,0.113,-0.269,0.074
1971-03,0.075,0.043,0.639,0.282,0.068,0.082,-0.001
1971-04,-0.33,-1.075,1.045,0.26,-0.319,0.392,0.002
1971-05,0.204,-0.19,-0.259,0.405,-0.005,0.239,-0.185
1971-06,0.946,0.459,0.327,0.724,0.383,0.41,0.026
1971-07,-0.143,0.53,-0.265,1.148,0.392,0.261,-0.13
1971-08,0.729,0.79,0.451,0.3,0.712,0.265,-0.09
1971-09,-0.965,-0.304,0.009,-0.041,0.444,0.018,0.037
1971-10,0.473,0.093,0.297,-0.173,0.899,-0.116,0.427
1971-11,0.454,-0.067,0.391,0.198,0.107,0.174,0.363
1971-12,-1.611,-0.195,-0.377,-0.151,-0.191,0.056,0.109
1972-01,0.627,-0.197,-0.097,0.109,-0.279,0.207,0.125
1972-02,0.475,-0.231,-0.27,0.183,0.02,0.358,0.053
1972-03,0.171,0.545,0.11,-0.106,0.038,0.359,0.036
1972-04,0.212,0.275,-0.04,-0.022,0.154,0.667,-0.137
1972-05,-0.32,-0.156,-0.401,-0.388,0.045,-0.136,-0.015
1972-06,-0.98,-0.98,-0.412,-0.418,-0.49,-0.341,-0.113
1972-07,0.867,-0.408,-0.234,-0.361,-0.228,-0.342,0.073
1972-08,-1.651,-0.925,-0.961,-1.115,-0.87,-0.462,-0.093
1972-09,-0.336,-0.677,-1.231,-0.845,-0.784,-0.579,-0.216
1972-10,-2.788,-2.128,-1.839,-1.561,-1.539,-0.829,-0.318
1972-11,-0.221,-1.402,-1.738,-1.617,-1.806,-0.937,-1.026
1972-12,0.374,-1.171,-1.248,-1.609,-1.343,-1.187,-0.968
1973-01,-2.038,-0.888,-2.095,-2.038,-1.768,-1.353,-1.264
1973-02,-1.072,-1.165,-1.86,-2.153,-2.029,-1.75,-1.206
1973-03,-1.634,-2.924,-2.331,-2.121,-2.32,-1.778,-1.355
1973-04,0.377,-1.324,-1.443,-2.387,-2.221,-1.977,-1.252
1973-05,0.891,0.072,-0.866,-1.565,-1.717,-1.783,-1.118
1973-06,0.41,0.813,-1.079,-1.398,-1.419,-1.477,-1.391
1973-07,-0.371,0.439,-0.489,-0.972,-1.747,-1.584,-1.382
1973-08,-1.097,-0.636,-0.559,-1.338,-1.812,-1.893,-1.856
1973-09,0.784,-0.316,0.253,-1.068,-1.462,-1.685,-1.481
1973-10,-0.75,-0.46,-0.18,-0.739,-1.166,-1.781,-1.708
1973-11,-1.329,-0.554,-0.919,-0.817,-1.464,-2.015,-2.071
1973-12,-0.754,-1.876,-1.396,-0.765,-1.859,-2.076,-2.026
1974-01,0.02,-1.328,-1.174,-0.822,-1.258,-2.154,-1.915
1974-02,0.882,-0.045,-0.537,-0.87,-0.809,-1.727,-1.78
1974-03,-0.797,-0.021,-1.273,-1.16,-0.686,-1.791,-1.871
1974-04,-1.256,-0.75,-1.447,-1.363,-0.983,-1.681,-2.076
1974-05,-0.932,-1.76,-1.295,-1.321,-1.389,-1.741,-2.177
1974-06,0.273,-1.209,-1.093,-1.783,-1.528,-1.865,-2.15
1974-07,-0.637,-0.857,-1.333,-1.862,-1.56,-1.549,-2.371
1974-08,0.977,0.346,-0.871,-0.906,-1.033,-1.101,-1.975
1974-09,1.421,1.236,0.313,0.214,-0.754,-0.429,-1.461
1974-10,1.144,1.642,1.039,0.69,0.012,-0.12,-0.716
1974-11,1.394,1.869,1.683,0.901,0.816,0.04,-0.346
1974-12,-1.084,1.132,1.479,0.855,0.8,-0.21,-0.577
1975-01,0.681,0.711,1.715,1.189,0.872,-0.005,-0.184
1975-02,-0.74,-0.555,1.308,1.268,0.553,0.089,-0.156
1975-03,1.508,0.913,1.23,1.556,1.005,0.203,0.226
1975-04,0.939,1.154,1.122,1.906,1.374,0.607,0.328
1975-05,0.567,1.403,0.681,1.767,1.567,0.91,0.273
1975-06,-0.896,0.204,0.809,1.132,1.426,0.901,0.065
1975-07,-0.38,-0.585,0.307,0.614,1.443,0.777,0.066
1975-08,-2.111,-1.914,-0.162,-0.604,0.925,0.328,-0.033
1975-09,1.274,-0.104,-0.02,0.455,0.915,0.788,0.134
1975-10,-1.557,-0.53,-0.852,-0.267,0.08,0.635,0.039
1975-11,-0.2,0.019,-1.128,-0.164,-0.516,0.74,0.187
1975-12,-1.154,-1.789,-1.189,-0.955,-0.539,0.581,0.159
1976-01,-0.949,-1.384,-1.265,-1.455,-0.86,0.519,0.037
1976-02,-0.974,-1.721,-0.944,-1.857,-0.861,0.183,-0.186
1976-03,-1.422,-2.078,-2.436,-1.818,-1.521,-0.432,-0.231
1976-04,-1.386,-2.647,-2.484,-2.077,-2.059,-1.083,-0.237
1976-05,-0.986,-2.165,-2.995,-1.856,-2.371,-1.67,-0.241
1976-06,-1.759,-2.941,-4.222,-3.62,-2.674,-1.886,-0.56
1976-07,-1.22,-2.616,-4.126,-3.797,-2.826,-2.132,-0.604
1976-08,-1.136,-2.405,-3.677,-4.515,-2.898,-2.237,-1.08
1976-09,1.007,-0.433,-2.045,-3.161,-3.349,-2.279,-1.271
1976-10,1.037,0.648,-0.634,-1.617,-2.209,-1.957,-1.256
1976-11,0.849,1.335,-0.001,-0.905,-1.784,-1.896,-1.438
1976-12,0.606,1.309,0.621,-0.481,-1.319,-1.662,-1.181
1977-01,0.408,0.886,0.963,-0.081,-0.85,-1.402,-1.096
1977-02,1.158,0.954,1.538,0.44,-0.369,-0.885,-0.797
1977-03,0.383,0.926,1.365,0.857,-0.068,-1.266,-0.991
1977-04,-0.302,0.573,0.923,1.023,0.095,-1.079,-1.206
1977-05,-0.091,-0.189,0.517,1.241,0.248,-1.012,-1.336
1977-06,0.368,-0.22,0.491,1.073,0.645,-0.769,-1.238
1977-07,-3.103,-1.081,-0.513,0.187,0.482,-0.9,-1.433
1977-08,1.371,0.204,-0.068,0.505,1.178,-0.368,-0.869
1977-09,-1.197,-0.651,-0.714,-0.143,0.617,-0.439,-1.508
1977-10,-1.182,-0.293,-0.922,-0.63,-0.127,-0.456,-1.401
1977-11,0.157,-1.209,-0.79,-0.848,-0.379,-0.287,-1.345
1977-12,0.332,-0.572,-0.846,-0.894,-0.474,0.034,-1.139
1978-01,1.071,0.668,0.122,-0.428,-0.221,0.408,-0.688
1978-02,0.502,0.841,-0.374,-0.26,-0.384,0.677,-0.503
1978-03,0.927,1.261,0.314,-0.107,-0.237,0.597,-0.222
1978-04,0.23,0.793,0.883,0.376,-0.113,0.366,-0.046
1978-05,0.844,0.897,1.191,0.098,0.135,0.326,0.22
1978-06,0.235,0.578,1.403,0.503,0.096,0.247,0.48
1978-07,0.136,0.52,0.896,1.0,0.485,0.183,0.629
1978-08,0.076,0.05,0.621,1.015,0.046,-0.031,0.829
1978-09,-0.341,-0.331,0.073,0.762,0.227,-0.197,0.535
1978-10,-2.307,-1.124,-0.581,-0.223,0.094,-0.45,-0.038
1978-11,-1.807,-2.174,-1.454,-0.74,-0.349,-0.721,-0.484
1978-12,1.95,-0.517,-0.605,-0.276,0.28,-0.32,-0.145
1979-01,0.637,0.719,-0.385,-0.138,0.13,0.124,-0.08
1979-02,0.749,1.685,-0.194,-0.199,0.184,-0.121,-0.15
1979-03,1.676,1.604,0.568,0.246,0.394,0.461,0.077
1979-04,1.072,1.993,1.639,0.518,0.608,0.974,0.296
1979-05,1.283,1.947,2.613,0.89,0.715,1.188,0.548
1979-06,-1.114,0.763,1.841,0.818,0.478,0.979,0.358
1979-07,-1.625,-0.558,1.016,1.118,0.194,0.498,0.428
1979-08,0.281,-1.241,0.727,1.717,0.247,0.458,0.167
1979-09,-1.411,-1.491,-0.529,0.485,0.04,0.037,0.156
1979-10,0.26,-0.407,-0.736,0.294,0.571,0.052,0.401
1979-11,-0.145,-0.652,-1.368,0.048,0.897,-0.154,0.339
1979-12,1.516,0.756,-0.333,0.047,0.764,0.163,0.623
1980-01,-0.599,0.455,-0.093,-0.41,0.419,0.048,0.321
1980-02,0.14,0.642,-0.161,-0.828,0.276,0.054,0.258
1980-03,1.158,0.314,0.648,-0.174,0.111,0.376,0.29
1980-04,-0.856,0.204,0.397,-0.047,-0.313,0.63,0.173
1980-05,-1.71,-0.565,0.015,-0.485,-0.95,0.655,-0.142
1980-06,0.996,-0.541,-0.29,0.269,-0.402,0.437,0.017
1980-07,1.08,0.556,0.529,0.601,0.147,0.511,0.189
1980-08,-0.447,0.788,0.217,0.523,-0.061,0.28,0.095
1980-09,-1.216,-0.447,-0.772,-0.596,-0.043,-0.314,-0.022
1980-10,0.752,-0.356,-0.03,0.0,0.172,-0.302,0.45
1980-11,-0.255,-0.284,0.24,-0.103,0.144,-0.669,0.631
1980-12,-0.632,-0.052,-0.37,-0.63,-0.537,-0.61,0.136
1981-01,-0.587,-0.995,-0.907,-0.543,-0.47,-0.442,-0.042
1981-02,-0.931,-1.21,-0.977,-0.361,-0.633,-0.639,-0.239
1981-03,1.907,0.511,0.186,-0.115,-0.363,0.048,-0.185
1981-04,0.46,1.098,-0.038,-0.326,-0.088,0.091,-0.294
1981-05,0.971,1.618,0.524,0.103,0.42,0.34,-0.365
1981-06,-0.785,0.232,0.498,0.214,-0.054,-0.211,-0.376
1981-07,0.545,0.293,0.928,0.064,-0.201,0.013,-0.085
1981-08,-0.524,-0.596,0.793,-0.032,-0.258,-0.126,-0.253
1981-09,1.049,0.584,0.531,0.717,0.445,-0.059,0.247
1981-10,0.422,0.468,0.469,0.861,0.305,0.158,0.281
1981-11,-0.726,0.418,-0.096,0.751,0.193,0.238,0.182
1981-12,0.064,-0.248,0.18,0.212,0.379,0.013,-0.117
1982-01,-0.277,-0.724,-0.052,0.027,0.402,-0.245,-0.054
1982-02,-0.825,-0.58,-0.047,-0.416,0.402,-0.265,-0.156
1982-03,0.395,-0.504,-0.504,-0.081,-0.035,0.037,-0.279
1982-04,-1.635,-1.291,-1.299,-0.533,-0.379,-0.405,-0.335
1982-05,0.526,-0.248,-0.728,-0.236,-0.487,-0.219,-0.071
1982-06,1.18,0.472,-0.061,-0.24,0.074,0.231,-0.039
1982-07,-0.477,0.777,-0.134,-0.61,-0.147,0.233,-0.294
1982-08,-0.567,0.175,-0.134,-0.593,-0.191,0.217,-0.343
1982-09,0.207,-0.635,-0.213,-0.553,-0.601,-0.175,-0.102
1982-10,1.493,0.689,0.924,0.403,-0.024,0.225,0.16
1982-11,0.617,1.141,0.953,0.69,0.367,0.16,0.322
1982-12,0.225,1.399,0.587,0.682,0.437,0.373,0.477
1983-01,-0.317,0.191,0.613,0.842,0.387,0.211,0.469
1983-02,0.4,0.015,0.886,0.805,0.574,0.377,0.582
1983-03,-0.083,-0.206,0.892,0.376,0.464,0.085,0.246
1983-04,1.906,1.471,0.959,1.076,1.194,0.486,0.541
1983-05,1.629,1.91,1.473,1.7,1.443,1.0,0.695
1983-06,-1.17,1.625,1.251,1.556,0.968,0.824,0.705
1983-07,-0.665,0.106,1.064,0.827,0.925,0.712,0.521
1983-08,-1.546,-2.035,0.296,0.174,0.824,0.555,0.419
1983-09,0.352,-1.024,0.439,0.238,0.932,0.556,0.237
1983-10,-0.512,-0.81,-0.645,0.077,0.104,0.579,0.032
1983-11,-0.129,-0.302,-1.486,-0.059,-0.139,0.469,0.118
1983-12,-0.157,-0.714,-1.174,-0.095,-0.242,0.165,0.097
1984-01,1.158,0.322,-0.456,-0.413,0.175,0.457,0.328
1984-02,0.321,0.58,0.041,-0.956,0.154,0.619,0.429
1984-03,0.052,0.768,-0.084,-0.602,0.173,0.618,0.374
1984-04,-1.647,-0.848,-0.246,-0.761,-0.653,-0.07,0.383
1984-05,1.171,0.072,0.389,-0.004,-0.79,0.065,0.515
1984-06,0.47,0.316,0.779,0.026,-0.437,0.126,0.367
1984-07,-1.892,0.2,-0.451,-0.171,-0.6,-0.07,0.228
1984-08,0.013,-0.547,-0.491,-0.128,-0.336,-0.146,0.326
1984-09,0.93,-0.135,0.032,0.411,-0.11,0.117,0.537
1984-10,0.347,0.539,0.48,0.09,0.182,-0.25,0.16
1984-11,0.808,0.897,0.352,0.282,0.489,-0.472,0.196
1984-12,-0.23,0.41,0.137,0.215,0.501,-0.327,0.139
1985-01,-0.098,0.196,0.489,0.456,0.126,-0.214,0.164
1985-02,-1.128,-0.76,0.301,-0.079,-0.106,-0.109,0.0
1985-03,0.26,-0.594,-0.057,-0.151,-0.062,-0.137,0.041
1985-04,-0.436,-0.929,-0.387,0.085,0.103,-0.078,-0.38
1985-05,0.413,-0.01,-0.666,0.186,-0.115,0.037,-0.656
1985-06,2.071,1.66,1.045,0.817,0.557,0.78,0.054
1985-07,-0.195,1.666,0.948,0.744,0.777,0.465,0.116
1985-08,-0.128,1.247,0.982,0.382,0.784,0.369,0.297
1985-09,-1.591,-1.215,0.362,-0.034,0.143,0.091,0.003
1985-10,-1.571,-1.652,-0.034,-0.454,-0.365,0.014,-0.128
1985-11,-0.362,-1.85,-0.288,-0.322,-0.772,-0.321,-0.179
1985-12,0.672,-0.803,-1.352,-0.198,-0.506,-0.299,-0.019
1986-01,0.535,0.277,-0.998,0.06,-0.284,0.054,-0.121
1986-02,-1.134,0.169,-1.237,-0.223,-0.273,-0.076,-0.268
1986-03,0.467,-0.027,-0.623,-1.128,-0.219,-0.252,-0.207
1986-04,0.837,0.189,0.256,-0.821,0.084,-0.167,0.086
1986-05,0.465,0.763,0.602,-0.653,0.101,-0.272,-0.052
1986-06,-0.984,0.019,-0.112,-0.59,-1.012,-0.453,-0.322
1986-07,0.688,-0.06,-0.011,0.104,-0.766,-0.255,0.01
1986-08,1.144,0.478,0.85,0.782,-0.388,0.174,0.264
1986-09,-0.717,0.536,0.361,0.257,-0.27,-0.036,-0.1
1986-10,0.86,0.633,0.426,0.426,0.461,0.261,0.053
1986-11,0.419,0.257,0.418,0.684,0.689,0.277,-0.045
1986-12,0.606,0.937,0.907,0.766,0.707,-0.26,0.116
1987-01,-2.509,-0.373,0.272,0.143,0.159,-0.482,-0.1
1987-02,-0.347,-0.805,-0.3,-0.035,0.258,-0.517,-0.035
1987-03,0.414,-1.232,0.088,0.32,0.238,-0.17,-0.015
1987-04,0.115,-0.093,-0.381,0.162,0.063,0.149,0.06
1987-05,0.384,0.303,-0.438,-0.177,0.048,0.292,0.059
1987-06,1.848,1.621,0.637,0.907,0.921,0.76,-0.036
1987-07,1.558,2.246,1.954,1.198,1.135,0.945,0.288
1987-08,1.385,2.483,2.333,1.72,1.297,1.379,0.644
1987-09,0.111,1.541,2.166,1.568,1.597,1.313,0.907
1987-10,1.654,1.528,2.446,2.342,1.988,1.542,1.55
1987-11,0.319,1.101,2.387,2.257,1.976,1.56,1.662
1987-12,-1.32,0.902,1.537,2.059,1.673,1.665,1.466
1988-01,2.199,0.881,1.699,2.515,2.356,1.892,1.63
1988-02,-0.54,0.582,1.141,2.374,2.251,1.632,1.61
1988-03,1.215,1.83,1.581,1.985,2.347,2.021,1.681
1988-04,-0.844,-0.084,0.577,1.479,2.184,1.844,1.505
1988-05,0.257,0.3,0.553,1.081,2.06,1.723,1.49
1988-06,0.193,-0.386,1.201,1.21,1.638,1.714,1.777
1988-07,1.31,0.818,0.583,0.92,1.546,2.076,1.836
1988-08,-0.713,0.299,0.359,0.606,1.073,1.961,1.593
1988-09,0.045,0.199,-0.159,0.951,1.131,1.895,1.77
1988-10,-0.024,-0.473,0.054,-0.042,0.368,1.725,1.496
1988-11,-1.008,-0.6,-0.323,-0.192,0.024,1.561,1.28
1988-12,-1.057,-1.298,-0.698,-0.847,0.082,1.01,1.101
1989-01,-0.529,-1.659,-1.358,-0.737,-0.758,0.571,1.141
1989-02,0.237,-0.837,-1.042,-0.736,-0.581,0.259,1.156
1989-03,0.533,-0.043,-0.946,-0.623,-0.761,0.353,1.147
1989-04,1.019,0.944,-0.531,-0.75,-0.306,0.001,1.298
1989-05,-2.345,-0.038,-0.742,-0.981,-0.662,-0.355,1.075
1989-06,-0.131,-0.543,-0.595,-1.163,-0.804,-0.205,0.667
1989-07,0.553,-0.851,-0.051,-1.053,-1.03,-0.634,0.455
1989-08,-0.649,-0.321,-0.397,-0.994,-1.122,-0.695,0.028
1989-09,-1.345,-0.978,-1.175,-1.183,-1.611,-1.237,-0.2
1989-10,-0.087,-1.103,-1.461,-0.88,-1.64,-1.045,-0.744
1989-11,-1.318,-1.432,-1.324,-1.213,-1.724,-1.362,-1.037
1989-12,1.966,0.426,-0.331,-0.596,-0.671,-0.92,-0.391
1990-01,0.489,0.792,-0.322,-0.747,-0.349,-1.064,-0.715
1990-02,1.508,1.973,0.366,0.091,-0.001,-0.635,-0.389
1990-03,-1.183,0.595,0.56,-0.047,-0.301,-0.798,-0.697
1990-04,-0.009,0.294,0.701,-0.209,-0.564,-0.834,-0.598
1990-05,-1.704,-1.534,0.726,-0.37,-0.48,-0.85,-0.828
1990-06,-0.274,-1.348,-0.62,-0.137,-0.551,-0.787,-1.016
1990-07,-2.067,-2.365,-1.59,-0.56,-1.019,-0.914,-1.489
1990-08,-0.805,-1.686,-2.622,-0.448,-1.163,-1.119,-1.604
1990-09,-0.535,-2.01,-2.478,-1.819,-1.081,-1.381,-1.776
1990-10,-0.292,-0.98,-2.188,-1.831,-1.158,-1.59,-1.764
1990-11,-0.632,-0.93,-1.859,-2.447,-1.006,-1.471,-1.726
1990-12,0.191,-0.662,-1.695,-2.174,-1.825,-1.477,-1.568
1991-01,-0.107,-0.506,-1.104,-2.083,-1.798,-1.524,-1.329
1991-02,0.054,-0.069,-0.823,-1.643,-2.201,-1.42,-1.313
1991-03,-0.379,-0.443,-0.764,-1.589,-1.994,-1.235,-1.42
1991-04,0.52,-0.058,-0.456,-1.017,-1.797,-1.162,-1.531
1991-05,-1.174,-0.595,-0.592,-1.087,-1.629,-1.061,-1.461
1991-06,1.113,0.453,-0.036,-0.463,-1.19,-1.369,-1.283
1991-07,-0.025,0.157,0.006,-0.376,-0.829,-1.379,-1.347
1991-08,-0.699,0.246,-0.302,-0.421,-0.896,-1.879,-1.447
1991-09,-0.008,-0.641,-0.231,-0.538,-0.807,-1.733,-1.255
1991-10,-1.288,-1.093,-0.807,-0.834,-1.067,-1.87,-1.41
1991-11,0.247,-0.619,-0.373,-0.678,-0.801,-1.598,-1.158
1991-12,-2.05,-1.641,-1.505,-1.063,-1.314,-1.941,-1.987
1992-01,-0.448,-1.102,-1.554,-1.284,-1.247,-1.612,-1.926
1992-02,-1.161,-1.888,-1.608,-1.201,-1.412,-1.645,-2.283
1992-03,1.104,-0.179,-1.24,-1.318,-0.991,-1.284,-1.895
1992-04,0.48,0.37,-0.593,-1.185,-0.979,-1.166,-1.818
1992-05,0.244,0.777,-0.633,-0.919,-0.642,-0.928,-1.582
1992-06,-0.317,-0.048,-0.289,-1.138,-1.202,-1.12,-1.755
1992-07,0.867,0.228,0.356,-0.443,-0.931,-0.816,-1.286
1992-08,0.685,0.499,0.876,-0.248,-0.603,-0.645,-1.062
1992-09,1.047,1.331,0.989,0.794,-0.195,-0.282,-0.669
1992-10,0.975,1.217,1.1,1.149,0.546,-0.076,-0.3
1992-11,0.705,1.26,1.236,1.404,0.702,0.239,-0.053
1992-12,-0.504,0.725,1.286,1.086,0.979,-0.125,-0.157
1993-01,0.647,0.379,1.169,1.084,1.108,0.013,-0.012
1993-02,-1.245,-0.469,0.767,0.872,1.062,0.004,-0.135
1993-03,-1.457,-0.923,0.043,0.753,0.605,-0.142,-0.224
1993-04,1.008,-0.669,-0.113,0.805,0.738,0.349,-0.131
1993-05,0.59,0.299,-0.215,0.746,0.79,0.401,0.104
1993-06,0.618,1.137,0.312,0.585,1.069,0.834,-0.034
1993-07,0.097,0.603,0.035,0.203,0.883,0.862,-0.011
1993-08,-0.106,0.187,0.266,-0.15,0.708,0.936,0.071
1993-09,1.145,0.648,1.169,0.636,0.804,1.042,0.396
1993-10,1.092,1.048,1.138,0.817,0.866,1.168,0.867
1993-11,-0.131,1.077,0.905,0.883,0.617,1.133,0.795
1993-12,1.334,1.247,1.186,1.521,1.182,1.562,1.317
1994-01,0.769,0.942,1.32,1.386,1.089,1.455,1.351
1994-02,0.098,1.094,1.404,1.276,1.224,1.365,1.403
1994-03,0.184,0.452,1.081,1.132,1.399,1.168,1.248
1994-04,0.647,0.376,0.86,1.276,1.297,1.104,1.29
1994-05,0.652,0.638,1.194,1.472,1.256,1.027,1.368
1994-06,-0.29,0.358,0.557,1.068,1.096,1.085,1.487
1994-07,-1.345,-0.606,-0.315,0.357,0.86,0.718,1.174
1994-08,-0.333,-1.16,-0.453,0.297,0.856,0.761,1.039
1994-09,0.486,-0.607,-0.276,-0.064,0.63,1.014,0.919
1994-10,0.819,0.427,-0.033,0.073,0.501,0.959,0.839
1994-11,-1.345,0.133,-0.65,-0.276,0.238,0.678,0.507
1994-12,0.291,-0.016,-0.441,-0.257,-0.108,0.649,0.663
1995-01,1.977,0.605,0.626,0.234,0.311,1.009,0.862
1995-02,1.281,1.719,1.089,0.394,0.574,1.27,1.104
1995-03,0.609,2.102,1.181,0.63,0.645,1.106,1.272
1995-04,-1.393,0.376,0.604,0.65,0.295,0.685,1.016
1995-05,-1.063,-0.964,0.75,0.525,-0.049,0.523,0.823
1995-06,-0.833,-2.38,0.361,0.152,-0.17,0.041,0.639
1995-07,-0.992,-1.999,-1.294,-0.52,-0.117,-0.267,0.492
1995-08,-2.449,-2.365,-2.672,-0.731,-0.478,-0.621,0.259
1995-09,1.53,-0.105,-1.486,0.121,0.019,-0.148,0.412
1995-10,-1.688,-0.362,-1.432,-1.168,-0.741,-0.532,-0.142
1995-11,-1.444,-0.2,-1.54,-1.891,-0.764,-0.929,-0.341
1995-12,0.919,-1.178,-0.854,-1.802,-0.559,-0.69,-0.446
1996-01,-0.736,-0.66,-0.726,-1.586,-1.331,-0.566,-0.614
1996-02,0.827,0.494,0.061,-1.051,-1.429,-0.365,-0.49
1996-03,-0.902,-0.527,-1.161,-0.956,-1.731,-0.614,-0.603
1996-04,-2.373,-1.203,-1.203,-1.129,-1.79,-1.219,-0.911
1996-05,-1.217,-2.397,-1.094,-0.933,-1.718,-1.117,-1.191
1996-06,-1.256,-3.242,-2.895,-2.475,-1.908,-1.521,-1.46
1996-07,-0.281,-1.852,-2.469,-2.209,-1.721,-2.031,-1.279
1996-08,0.855,-0.293,-1.832,-1.275,-1.065,-2.041,-1.087
1996-09,-1.859,-0.535,-2.269,-2.46,-2.504,-2.558,-1.525
1996-10,-0.592,-0.606,-1.593,-2.071,-2.237,-2.308,-1.84
1996-11,1.055,-0.502,-0.657,-1.627,-1.381,-1.851,-1.363
1996-12,-1.193,-0.342,-0.621,-1.822,-2.098,-1.996,-1.65
1997-01,-2.794,-0.851,-1.03,-1.82,-2.169,-2.045,-2.203
1997-02,0.508,-1.541,-1.335,-1.342,-2.191,-1.634,-2.289
1997-03,-2.101,-2.077,-1.307,-1.309,-2.287,-2.565,-2.562
1997-04,-1.844,-1.873,-1.687,-1.629,-2.196,-2.653,-2.614
1997-05,-0.641,-2.369,-2.974,-2.305,-1.971,-2.376,-2.579
1997-06,2.029,0.781,-0.714,-0.687,-0.804,-1.872,-1.953
1997-07,-0.434,1.103,-0.074,-0.637,-0.821,-1.683,-1.815
1997-08,-0.361,1.039,-0.408,-1.395,-1.341,-1.931,-1.685
1997-09,-1.571,-1.518,-0.53,-1.614,-1.419,-2.124,-2.564
1997-10,-0.021,-0.979,-0.084,-0.819,-1.221,-1.7,-2.162
1997-11,-0.195,-0.915,0.027,-0.933,-1.743,-1.586,-1.979
1997-12,0.834,0.123,-0.842,-0.354,-1.182,-1.229,-2.064
1998-01,0.176,0.28,-0.594,0.02,-0.577,-1.066,-1.695
1998-02,-2.619,-0.165,-0.875,-0.113,-0.968,-1.586,-1.981
1998-03,0.309,-0.703,-0.328,-1.019,-0.586,-1.226,-1.783
1998-04,1.822,0.736,0.57,-0.245,0.238,-0.618,-1.175
1998-05,-1.716,0.582,0.224,-0.486,0.105,-1.153,-1.222
1998-06,1.156,1.277,0.59,0.372,-0.324,-0.627,-0.851
1998-07,-0.783,-0.302,0.192,0.249,-0.38,-0.393,-0.889
1998-08,-0.617,0.024,0.352,0.113,-0.496,-0.613,-1.281
1998-09,1.346,0.273,0.996,0.554,0.414,0.025,-0.617
1998-10,0.781,0.839,0.495,0.722,0.731,0.417,-0.26
1998-11,0.232,1.147,0.875,0.99,0.857,0.567,-0.468
1998-12,0.352,0.654,0.553,1.051,0.754,0.031,-0.239
1999-01,0.872,0.606,0.962,0.672,0.848,0.267,0.182
1999-02,-0.57,0.332,1.05,0.877,0.98,0.273,0.047
1999-03,0.374,0.346,0.59,0.559,0.964,0.606,0.254
1999-04,-0.141,-0.403,0.199,0.691,0.438,0.653,0.404
1999-05,-1.206,-0.624,-0.284,0.613,0.474,0.489,0.359
1999-06,1.11,0.068,0.228,0.49,0.477,0.63,0.07
1999-07,-0.467,-0.07,-0.42,0.048,0.522,0.484,0.067
1999-08,1.389,1.224,0.598,0.653,1.137,1.023,0.457
1999-09,0.514,0.879,0.672,0.759,0.852,1.08,0.812
1999-10,-0.013,0.799,0.571,0.338,0.55,0.612,0.784
1999-11,-0.887,-0.249,0.578,0.188,0.267,0.678,0.679
1999-12,0.713,-0.268,0.377,0.31,0.402,0.575,0.691
2000-01,-1.146,-0.743,0.243,0.113,-0.071,0.51,0.477
2000-02,1.294,0.496,0.026,0.692,0.331,0.858,0.798
2000-03,-1.711,-0.604,-0.57,0.052,0.017,0.313,0.607
2000-04,1.811,1.399,0.32,0.737,0.565,0.573,0.615
2000-05,1.417,1.348,1.301,0.683,1.088,0.836,1.039
2000-06,-1.381,1.336,0.711,0.222,0.568,0.565,0.69
2000-07,0.602,0.478,1.297,0.487,0.775,0.474,0.861
2000-08,-0.598,-0.821,0.405,0.588,0.203,0.414,0.902
2000-09,1.21,0.725,1.362,0.973,0.532,0.689,0.888
2000-10,1.638,1.3,1.299,1.762,1.281,1.139,1.135
2000-11,1.802,2.223,1.479,1.899,2.092,1.729,1.497
2000-12,0.447,2.28,1.967,2.299,2.114,1.677,1.581
2001-01,0.459,1.519,1.847,1.815,2.152,1.718,1.361
2001-02,2.024,1.398,2.527,1.926,2.264,1.804,1.66
2001-03,1.707,2.27,2.767,2.521,2.715,2.063,1.823
2001-04,1.183,2.831,2.7,2.692,2.515,2.469,2.029
2001-05,-0.849,1.099,1.761,2.693,1.972,2.384,2.077
2001-06,-0.587,-0.254,1.709,2.403,2.18,2.252,1.954
2001-07,0.919,-0.43,1.819,2.205,2.212,2.383,2.088
2001-08,0.93,0.58,1.188,1.899,2.722,2.332,2.087
2001-09,1.076,1.518,1.043,2.273,2.88,2.725,2.3
2001-10,1.934,1.915,1.485,2.597,3.043,2.718,2.732
2001-11,-0.514,1.509,1.494,1.787,2.407,2.456,2.784
2001-12,-1.088,0.885,1.511,1.217,2.21,2.684,2.666
2002-01,-0.329,-1.252,1.135,0.784,1.825,2.403,2.468
2002-02,0.793,-0.411,1.025,1.139,1.449,2.664,2.308
2002-03,0.069,0.122,0.648,1.29,1.031,2.463,2.385
2002-04,-0.284,0.125,-0.849,1.022,0.692,2.113,2.102
2002-05,0.532,0.041,-0.381,0.861,0.92,1.668,1.968
2002-06,-0.501,-0.406,-0.346,0.327,0.983,1.556,2.225
2002-07,0.52,0.094,0.076,-0.743,0.873,1.46,2.152
2002-08,0.517,0.127,0.029,-0.338,0.787,1.151,2.44
2002-09,-0.209,0.234,-0.143,-0.138,0.352,0.755,2.196
2002-10,0.652,0.348,0.26,0.241,-0.396,0.632,1.818
2002-11,1.671,0.969,0.779,0.653,0.399,1.163,1.785
2002-12,1.466,1.959,1.463,1.115,1.123,1.667,2.065
2003-01,1.621,2.487,1.733,1.553,1.479,1.716,2.047
2003-02,-0.889,1.371,1.478,1.315,1.16,1.47,1.606
2003-03,-1.202,0.155,1.496,1.26,0.954,1.109,1.225
2003-04,-0.836,-2.095,1.199,1.007,0.866,0.356,0.975
2003-05,0.257,-0.923,0.449,0.916,0.768,0.488,1.118
2003-06,0.498,-0.121,-0.085,1.237,1.046,0.792,1.39
2003-07,0.14,0.335,-0.981,1.173,0.951,0.814,1.231
2003-08,-3.494,-0.795,-1.437,-0.228,0.44,0.324,0.81
2003-09,-0.813,-1.887,-1.472,-1.315,0.319,0.135,0.42
2003-10,-0.334,-1.812,-1.119,-1.951,-0.046,0.088,-0.293
2003-11,1.155,-0.055,-0.612,-1.041,-0.287,0.263,0.049
2003-12,0.359,0.507,-0.714,-0.731,-0.712,0.463,0.277
2004-01,1.468,1.521,-0.151,-0.037,-0.686,0.641,0.554
2004-02,-0.044,0.882,0.41,-0.095,-0.521,0.539,0.421
2004-03,-0.464,0.609,0.625,-0.336,-0.402,0.559,0.353
2004-04,0.712,0.004,1.135,-0.176,-0.062,0.572,0.503
2004-05,0.413,0.277,0.771,0.42,-0.012,0.161,0.49
2004-06,-0.079,0.364,0.688,0.664,-0.19,-0.251,0.588
2004-07,1.496,0.873,0.688,1.432,0.185,-0.255,0.76
2004-08,1.045,1.17,1.095,1.462,0.939,0.121,0.917
2004-09,-0.926,0.849,0.825,1.051,0.986,0.07,0.841
2004-10,0.597,0.359,0.71,0.626,1.301,0.322,0.796
2004-11,-0.129,-0.258,0.533,0.541,0.903,0.257,0.379
2004-12,-0.956,-0.244,0.369,0.44,0.649,0.02,-0.042
2005-01,-0.896,-1.215,-0.387,0.053,0.009,-0.127,-0.44
2005-02,-0.201,-1.217,-0.959,-0.083,-0.017,0.187,-0.364
2005-03,-0.246,-0.979,-0.74,-0.082,0.018,0.335,-0.269
2005-04,-0.215,-0.679,-1.325,-0.64,-0.191,0.424,-0.198
2005-05,-0.031,-0.434,-1.325,-1.124,-0.28,0.094,-0.242
2005-06,-0.448,-0.756,-1.527,-1.09,-0.394,-0.097,-0.468
2005-07,-0.585,-0.885,-1.307,-1.774,-0.947,-0.519,-0.556
2005-08,0.267,-0.544,-0.874,-1.668,-1.368,-0.456,-0.222
2005-09,0.438,-0.011,-0.554,-1.134,-1.02,-0.292,0.028
2005-10,0.694,0.555,-0.047,-0.375,-0.972,-0.219,0.273
2005-11,-1.135,0.071,-0.36,-0.592,-1.25,-0.501,-0.168
2005-12,-0.977,-0.647,-0.473,-0.818,-1.292,-0.664,-0.373
2006-01,-1.537,-2.216,-0.626,-1.038,-1.253,-1.185,-0.774
2006-02,-0.035,-1.42,-0.761,-1.014,-1.173,-1.538,-0.751
2006-03,-0.182,-1.146,-1.123,-0.874,-1.128,-1.383,-0.705
2006-04,-0.354,-0.631,-1.959,-0.835,-1.132,-1.761,-0.873
2006-05,1.401,0.545,-0.601,-0.419,-0.616,-1.244,-0.657
2006-06,-0.586,0.264,-0.699,-0.862,-0.69,-1.281,-0.823
2006-07,-0.646,0.139,-0.375,-1.586,-0.689,-1.149,-1.197
2006-08,1.453,0.296,0.539,-0.389,-0.288,-0.663,-1.147
2006-09,1.045,1.25,1.096,0.467,-0.035,-0.319,-0.693
2006-10,0.235,1.216,1.057,0.746,-0.234,-0.21,-0.763
2006-11,0.73,0.877,0.799,0.905,0.289,-0.042,-0.589
2006-12,0.067,0.411,1.039,0.991,0.545,0.076,-0.443
2007-01,0.297,0.471,1.215,1.089,0.807,0.217,-0.227
2007-02,1.233,0.668,1.002,0.97,1.048,0.386,-0.017
2007-03,-0.294,0.593,0.549,1.062,0.999,0.264,-0.024
2007-04,-3.775,-0.623,-0.017,0.862,0.754,-0.214,-0.207
2007-05,2.199,0.649,0.875,1.121,1.008,0.625,0.285
2007-06,1.426,1.795,1.953,1.376,1.617,1.217,0.719
2007-07,0.974,2.667,2.129,1.791,1.889,1.497,0.932
2007-08,0.711,1.571,1.697,1.876,1.777,1.617,1.068
2007-09,-0.601,0.427,1.477,1.668,1.395,1.516,0.904
2007-10,-0.117,-0.131,1.528,1.232,1.291,1.417,0.68
2007-11,-0.707,-0.887,0.463,0.663,0.913,1.053,0.728
2007-12,-0.246,-0.825,-0.268,0.684,0.884,1.205,0.861
2008-01,0.839,-0.227,-0.295,1.209,0.926,1.369,1.061
2008-02,-1.197,-0.193,-0.872,0.267,0.466,0.928,0.924
2008-03,1.529,0.903,-0.065,0.146,0.861,0.977,1.146
2008-04,0.654,0.831,0.276,0.042,1.284,1.137,1.291
2008-05,0.78,1.383,0.882,0.021,0.774,1.081,1.184
2008-06,-0.562,0.312,0.888,0.04,0.206,0.996,1.284
2008-07,0.845,0.434,0.851,0.422,0.168,1.036,1.454
2008-08,0.679,0.381,1.262,0.96,0.148,0.949,1.336
2008-09,0.137,0.706,0.678,1.084,0.365,0.998,1.149
2008-10,-0.03,0.211,0.336,0.617,0.397,1.138,1.05
2008-11,1.15,0.465,0.517,1.103,0.964,0.888,1.144
2008-12,-0.977,0.127,0.492,0.523,0.867,0.421,1.06
2009-01,-0.028,0.192,0.218,0.33,0.569,0.211,0.914
2009-02,1.44,0.201,0.405,0.496,1.03,0.317,0.913
2009-03,0.027,0.706,0.417,0.658,0.653,0.472,0.927
2009-04,-1.093,0.245,0.224,0.24,0.334,0.403,1.03
2009-05,-0.749,-1.104,-0.697,-0.18,-0.002,0.395,0.501
2009-06,0.405,-0.915,-0.218,-0.103,0.238,0.544,0.262
2009-07,1.318,0.518,0.522,0.429,0.369,0.625,0.328
2009-08,-0.178,0.65,-0.225,-0.17,0.121,0.694,0.15
2009-09,-1.691,-0.263,-0.856,-0.414,-0.291,0.117,0.036
2009-10,-0.276,-1.076,-0.551,-0.462,-0.374,-0.078,0.006
2009-11,1.6,0.059,0.385,-0.179,-0.165,0.173,0.491
2009-12,0.974,1.164,0.604,0.113,0.372,0.517,0.745
2010-01,-0.213,1.369,0.101,0.271,0.298,0.303,0.52
2010-02,1.403,1.033,0.589,0.803,0.278,0.411,0.8
2010-03,-0.217,0.472,1.029,0.653,0.225,0.381,0.528
2010-04,-1.295,0.005,1.011,0.046,0.206,0.26,0.315
2010-05,-1.008,-1.475,-0.15,-0.133,0.168,-0.222,0.071
2010-06,-0.495,-2.01,-1.163,0.104,-0.063,-0.19,0.073
2010-07,-0.626,-1.512,-1.278,0.083,-0.544,-0.272,-0.154
2010-08,1.926,0.746,-0.325,0.353,0.216,0.03,0.196
2010-09,0.275,1.116,-0.15,0.063,0.665,0.071,0.24
2010-10,0.28,1.134,0.267,0.198,0.85,0.262,0.304
2010-11,-0.906,-0.233,0.245,-0.445,0.042,0.226,-0.105
2010-12,-1.111,-0.997,0.157,-0.694,-0.522,-0.008,-0.113
2011-01,0.562,-0.918,0.482,-0.24,-0.265,-0.175,0.002
2011-02,-0.114,-0.396,-0.497,-0.023,-0.636,-0.159,-0.239
2011-03,-2.522,-0.739,-1.16,-0.185,-0.889,-0.111,-0.425
2011-04,-2.353,-2.843,-2.165,-0.397,-0.962,-0.292,-0.496
2011-05,-1.702,-3.577,-2.447,-1.779,-0.993,-1.02,-0.58
2011-06,0.28,-1.881,-2.235,-1.983,-0.835,-1.274,-0.679
2011-07,-0.14,-0.846,-2.559,-2.453,-0.72,-1.165,-0.936
2011-08,0.169,0.007,-1.958,-2.085,-1.626,-1.428,-0.932
2011-09,-1.358,-0.886,-1.94,-2.308,-2.292,-1.687,-0.924
2011-10,-1.071,-1.179,-1.514,-2.595,-2.831,-1.607,-1.018
2011-11,-0.25,-1.487,-1.11,-2.388,-2.632,-1.53,-1.519
2011-12,0.32,-0.792,-1.141,-1.897,-2.272,-1.428,-1.722
2012-01,0.316,0.004,-0.907,-1.271,-2.101,-1.166,-1.441
2012-02,-0.716,-0.061,-1.188,-1.037,-2.148,-1.99,-1.729
2012-03,-0.791,-0.731,-1.012,-1.276,-1.889,-2.244,-1.764
2012-04,2.235,1.069,0.581,-0.34,-0.68,-1.722,-1.097
2012-05,0.858,1.49,1.058,-0.134,-0.142,-1.228,-0.807
2012-06,1.423,2.693,2.052,0.828,0.274,-0.599,-0.425
2012-07,1.969,2.365,2.716,1.996,0.827,-0.166,0.078
2012-08,0.239,1.84,2.506,2.248,0.892,-0.107,-0.41
2012-09,-0.511,0.812,2.399,2.002,1.108,-0.007,-0.586
2012-10,1.157,0.449,1.704,2.008,1.813,0.536,-0.287
2012-11,0.627,0.635,1.613,2.087,2.06,0.872,-0.02
2012-12,1.614,1.796,1.667,2.725,2.535,1.246,0.492
2013-01,-0.294,1.075,0.917,1.94,2.153,1.159,0.328
2013-02,-0.327,0.663,0.803,1.695,2.124,1.119,0.29
2013-03,0.221,-0.413,1.125,1.251,2.201,1.408,0.482
2013-04,-0.645,-0.702,0.443,0.557,1.511,1.639,0.597
2013-05,0.27,-0.208,0.263,0.55,1.311,1.66,0.807
2013-06,-1.343,-1.258,-1.476,0.445,0.7,1.462,0.644
2013-07,-0.524,-1.091,-1.493,-0.278,0.053,1.232,0.58
2013-08,-0.114,-1.18,-1.194,-0.639,-0.067,1.259,0.549
2013-09,0.011,-0.547,-1.295,-1.521,0.073,1.335,0.771
2013-10,1.089,0.457,-0.235,-0.568,0.038,1.034,1.189
2013-11,-0.085,0.483,-0.344,-0.47,-0.198,0.88,1.214
2013-12,0.378,0.766,0.155,-0.44,-0.677,0.632,1.282
2014-01,1.892,1.088,0.931,0.343,0.058,0.57,1.434
2014-02,1.982,2.065,1.557,0.843,0.624,0.922,1.73
2014-03,-0.869,1.944,1.56,0.974,0.431,0.962,1.688
2014-04,-0.952,0.38,0.975,0.925,0.39,0.541,1.22
2014-05,1.136,-0.133,1.512,1.281,0.608,0.631,1.287
2014-06,-0.381,-0.11,1.496,1.301,0.789,0.152,1.006
2014-07,1.596,1.236,1.252,1.524,1.252,0.549,0.896
2014-08,1.608,1.481,1.125,2.335,1.865,1.0,1.269
2014-09,-0.806,1.352,0.974,1.998,1.823,0.802,1.272
2014-10,0.443,0.646,1.15,1.201,1.568,0.92,1.023
2014-11,1.009,0.268,1.108,0.882,1.902,1.113,1.105
2014-12,-0.059,0.679,1.272,1.049,1.883,1.389,0.821
2015-01,0.488,0.705,0.858,1.282,1.299,1.461,0.852
2015-02,0.124,0.141,0.212,1.003,0.802,1.539,0.864
2015-03,-1.139,-0.316,0.281,0.932,0.748,1.476,0.717
2015-04,-0.36,-1.041,-0.019,0.402,0.828,1.219,0.758
2015-05,0.103,-0.784,-0.547,-0.238,0.534,1.199,0.743
2015-06,-1.567,-1.326,-1.443,-0.397,0.378,0.934,0.781
2015-07,0.607,-0.56,-1.267,-0.428,0.089,0.569,0.92
2015-08,1.585,0.638,-0.055,-0.061,0.063,0.579,1.349
2015-09,0.203,1.26,0.282,0.027,0.344,0.713,1.434
2015-10,-0.221,0.687,0.229,-0.23,0.107,0.721,1.064
2015-11,0.599,0.107,0.412,-0.032,-0.049,0.628,1.188
2015-12,0.327,0.173,0.905,0.256,0.071,0.822,1.236
2016-01,0.363,0.549,0.804,0.42,0.036,0.516,0.839
2016-02,-0.618,0.002,0.003,0.309,-0.089,0.009,0.43
2016-03,0.855,0.288,0.216,0.831,0.275,0.344,0.621
2016-04,0.627,0.473,0.615,0.845,0.487,0.391,0.819
2016-05,0.327,0.761,0.484,0.326,0.52,0.179,0.682
2016-06,1.413,1.419,1.385,0.889,1.256,0.621,1.126
2016-07,-1.593,0.529,0.684,0.772,0.887,0.283,0.649
2016-08,-0.615,0.026,0.494,0.349,0.243,0.13,0.176
2016-09,-0.118,-1.386,0.069,0.156,0.147,0.218,0.302
2016-10,-0.957,-1.0,-0.494,-0.303,-0.041,0.074,0.023
2016-11,0.532,-0.404,-0.373,0.02,-0.066,0.172,-0.101
2016-12,-1.345,-1.01,-1.598,-0.53,-0.452,0.238,-0.266
2017-01,0.014,-0.41,-1.058,-0.678,-0.486,0.122,-0.302
2017-02,0.167,-0.691,-0.802,-0.717,-0.327,-0.302,-0.291
2017-03,-0.315,-0.269,-0.9,-1.432,-0.584,-0.388,-0.211
2017-04,-1.617,-1.212,-1.012,-1.433,-0.992,-0.561,-0.317
2017-05,0.767,-0.421,-0.942,-0.982,-0.802,-0.513,-0.197
2017-06,0.727,0.216,-0.125,-0.71,-1.176,-0.418,0.133
2017-07,1.368,1.473,0.615,0.137,-0.47,-0.139,0.283
2017-08,0.664,1.285,0.772,0.211,-0.154,0.092,0.029
2017-09,0.14,0.988,0.85,0.611,-0.087,-0.056,0.021
2017-10,-1.291,-0.265,0.627,0.12,-0.149,-0.398,-0.137
2017-11,-0.71,-1.023,0.16,-0.115,-0.526,-0.606,-0.395
2017-12,1.178,-0.515,0.316,0.324,0.159,-0.795,-0.209
2018-01,0.223,0.289,-0.093,0.628,0.195,-0.484,-0.198
2018-02,0.055,0.711,-0.355,0.441,0.168,-0.368,-0.125
2018-03,1.067,0.628,-0.047,0.483,0.459,-0.115,-0.088
2018-04,0.917,1.123,0.808,0.338,0.888,0.306,-0.031
2018-05,0.08,0.914,1.108,0.124,0.693,0.179,-0.068
2018-06,-3.168,-0.668,-0.11,-0.426,0.153,0.045,-0.741
2018-07,-1.569,-2.25,-0.77,-0.41,-0.474,-0.174,-0.713
2018-08,0.75,-1.227,-0.246,0.175,-0.503,-0.023,-0.483
2018-09,-0.639,-0.692,-1.044,-0.628,-0.799,-0.132,-0.591
2018-10,0.143,0.015,-1.167,-0.544,-0.393,0.086,-0.356
2018-11,-0.277,-0.538,-1.265,-0.588,-0.282,-0.125,-0.533
2018-12,0.211,-0.168,-0.598,-0.891,-0.629,-0.267,-0.316
2019-01,-1.235,-0.788,-0.483,-1.437,-0.86,-0.721,-0.421
2019-02,-0.457,-0.778,-0.959,-1.549,-0.925,-0.983,-0.483
2019-03,0.286,-0.93,-0.659,-0.903,-1.12,-0.971,-0.399
2019-04,-1.903,-1.275,-1.34,-0.929,-1.682,-1.001,-0.412
2019-05,-0.18,-0.858,-1.334,-1.334,-1.66,-0.85,-0.579
2019-06,0.648,-0.585,-1.339,-0.934,-1.067,-1.037,-0.67
2019-07,-0.608,-0.144,-1.026,-1.305,-0.893,-1.114,-1.006
2019-08,-0.694,-0.377,-1.03,-1.544,-1.467,-1.268,-1.367
2019-09,0.241,-0.733,-1.021,-1.562,-1.28,-1.462,-1.376
2019-10,0.535,-0.011,-0.175,-0.718,-1.099,-1.399,-0.943
2019-11,0.171,0.328,-0.05,-0.494,-0.959,-1.406,-0.797
2019-12,1.127,0.849,0.117,-0.21,-0.647,-0.844,-0.829
2020-01,0.02,0.602,0.286,0.118,-0.326,-0.568,-0.762
2020-02,1.266,1.14,0.852,0.505,0.071,-0.531,-0.547
2020-03,-0.723,0.286,0.702,0.176,-0.112,-0.488,-0.788
2020-04,-0.408,0.028,0.415,0.219,0.08,-0.622,-1.006
2020-05,-3.303,-1.95,-0.268,-0.017,-0.214,-0.864,-1.281
2020-06,-0.008,-1.707,-1.155,-0.125,-0.444,-0.98,-1.12
2020-07,0.266,-1.085,-0.947,-0.301,-0.252,-0.659,-0.845
2020-08,1.127,0.651,-0.648,0.177,0.264,-0.283,-0.798
2020-09,-0.613,0.354,-0.743,-0.589,0.021,-0.489,-0.813
2020-10,1.388,0.996,0.295,0.234,0.456,0.182,-0.379
2020-11,-0.774,0.229,0.511,-0.331,0.214,0.082,-0.471
2020-12,1.669,1.452,1.157,0.385,0.451,0.345,-0.135
2021-01,1.104,1.078,1.352,0.756,0.683,0.627,0.217
2021-02,-0.312,1.356,0.917,1.084,0.325,0.726,0.219
2021-03,-0.157,0.341,1.183,1.065,0.402,0.688,0.158
2021-04,-3.644,-1.873,-0.027,0.674,0.16,0.32,0.121
2021-05,1.155,-0.266,0.811,0.631,0.768,0.538,0.359
2021-06,0.424,0.034,0.195,1.013,0.921,0.388,0.326
2021-07,0.373,0.976,-0.208,0.525,0.93,0.429,0.456
2021-08,-0.593,-0.045,-0.335,0.598,0.491,0.064,0.484
2021-09,0.069,-0.312,-0.291,-0.145,0.708,0.153,0.465
2021-10,0.534,-0.069,0.445,-0.265,0.291,0.329,0.45
2021-11,-1.703,-0.413,-0.427,-0.571,0.126,0.358,0.183
2021-12,0.531,-0.243,-0.414,-0.398,-0.299,0.508,0.072
2022-01,-2.124,-1.595,-0.963,-0.342,-0.937,0.205,-0.137
2022-02,1.204,0.08,-0.354,-0.388,-0.534,0.137,-0.148
2022-03,-0.374,-0.516,-0.507,-0.588,-0.561,0.235,-0.112
2022-04,-1.375,-0.287,-1.338,-0.994,-0.419,-0.435,-0.196
2022-05,-0.366,-1.223,-0.874,-0.943,-0.808,-0.335,-0.014
2022-06,-0.867,-1.891,-2.038,-1.368,-1.219,-1.029,-0.164
2022-07,-3.33,-2.418,-2.133,-2.612,-1.769,-1.589,-0.474
2022-08,-0.384,-2.086,-2.694,-2.276,-1.877,-1.617,-0.869
2022-09,-0.485,-1.952,-2.81,-2.912,-2.25,-1.74,-0.868
2022-10,0.393,-0.341,-1.595,-1.647,-2.335,-1.201,-1.174
2022-11,1.235,0.474,-0.763,-1.308,-1.332,-1.175,-0.746
2022-12,0.123,0.874,-0.441,-1.236,-1.519,-1.328,-1.141
2023-01,-0.048,0.736,0.095,-0.945,-1.04,-1.35,-1.239
2023-02,-2.516,-0.798,-0.082,-1.155,-1.644,-1.487,-1.351
2023-03,1.909,0.496,0.865,-0.204,-0.898,-1.033,-0.933
2023-04,0.509,0.844,0.967,0.386,-0.5,-1.157,-0.622
2023-05,0.027,1.181,0.356,0.516,-0.369,-0.802,-0.864
2023-06,-1.043,-0.542,-0.14,0.456,-0.434,-1.226,-1.225
